,name,id,type,lat,lon,nodes,geometry,area,source
0,syrian refugee camp 2,8753555762,node,33.634803,35.7830598,[],,,OSM
1,,9588644441,node,33.8607274,36.0545272,[],,,OSM
2,Fayda 4 (ACF),246761930,way,33.8186816,35.8992863,"[2537611875, 2537611876, 2537611877, 2537611878, 8521647362, 8521647363, 2537611875]","POLYGON ((35.8988122 33.819058, 35.8993196 33.8180945, 35.8997605 33.8185361, 35.8993679 33.8192687, 35.8992112 33.8192652, 35.8990744 33.8191984, 35.8988122 33.819058))",0.008736626838955031,OSM
3,Fayda 3,246761932,way,33.8217157,35.9032915,"[2537611886, 2537611887, 2537611888, 2537611898, 9641286603, 9641286602, 9641286601, 9641286604, 2537611899, 2537611900, 9641286422, 2537611901, 2537611902, 2537611903, 2537611904, 2537611886]","POLYGON ((35.9020435 33.8212256, 35.9018491 33.8211775, 35.9020971 33.8207301, 35.9046831 33.822424, 35.904734 33.8224759, 35.9046307 33.8225459, 35.9045798 33.822494, 35.9042888 33.8226911, 35.9043044 33.8227013, 35.9036998 33.8226292, 35.9036194 33.8224506, 35.903499 33.8223078, 35.9026173 33.8212709, 35.9024028 33.8211883, 35.9021729 33.8212446, 35.9020435 33.8212256))",0.019049107952641524,OSM
4,,246769188,way,33.8228678,35.9062557,"[2537684298, 2537684299, 9588239860, 9588239861, 9588239862, 8476816747, 9588239863, 9588239859, 9588239858, 2537684300, 2537684302, 2537684303, 2537684305, 2537684298]","POLYGON ((35.9049879 33.8224207, 35.9052567 33.822163, 35.9053212 33.8222044, 35.9058094 33.8218434, 35.9060454 33.8219637, 35.905648 33.822385, 35.9065068 33.8230188, 35.9073047 33.8236171, 35.9073557 33.8235636, 35.9075235 33.8236741, 35.9073117 33.8238922, 35.906389 33.8233859, 35.9058162 33.8230556, 35.9049879 33.8224207))",0.017655502802537675,OSM
5,Saadnayel,246820581,way,33.8150009,35.9048821,"[2538124218, 2538124223, 2538124226, 9588239847, 2538124229, 2538124232, 2538124234, 4966474711, 2538124218]","POLYGON ((35.9053378 33.8156216, 35.9050151 33.8152133, 35.9047079 33.8151355, 35.904243 33.8146824, 35.9044017 33.8143802, 35.9055212 33.8149117, 35.9055212 33.8152956, 35.9054433 33.815434, 35.9053378 33.8156216))",0.010452482054254954,OSM
6,Fayda 2,246820587,way,33.8157578,35.8984052,"[2538124329, 8521678845, 2538124333, 8521678846, 2538124336, 8521717632, 8521717634, 8521717633, 2538124339, 2538124342, 2538124345, 2538124348, 8521678841, 2538124351, 8521678847, 9695679255, 9695679256, 2538124352, 8521709052, 8521678848, 8521678849, 8521678850, 2538124355, 8521678843, 2538124356, 8521678844, 8521678842, 2538124329]","POLYGON ((35.8977485 33.815883, 35.8979344 33.8158022, 35.8980076 33.8159237, 35.8981168 33.815942, 35.8981625 33.8159913, 35.8982053 33.8159738, 35.8983234 33.8158011, 35.8983958 33.8156786, 35.8984553 33.8155467, 35.8980686 33.815055, 35.897833 33.8148593, 35.8978632 33.8148091, 35.8984843 33.8150557, 35.8990619 33.8153254, 35.8987364 33.8160062, 35.8984749 33.8165142, 35.8985353 33.8166112, 35.8985195 33.8166858, 35.8984877 33.8167064, 35.8984441 33.8167047, 35.8982375 33.8166279, 35.898153 33.8165332, 35.8980525 33.8164126, 35.8979237 33.816366, 35.897872 33.8162359, 35.8978151 33.8160552, 35.8977681 33.8159761, 35.8977485 33.815883))",0.015658616727191158,OSM
7,,301113961,way,33.7212932,35.932017,"[3052252407, 3052252431, 3052252409, 9588667813, 3052252427, 9588667812, 9588667811, 3052253236, 9588667810, 3052252404, 3052252402, 9588667814, 3052252421, 3052252423, 3052252422, 3052252407]","POLYGON ((35.9315154 33.7207437, 35.9309576 33.7213148, 35.9310058 33.7215424, 35.931741 33.7221623, 35.9322524 33.7227855, 35.9325081 33.7229537, 35.9327817 33.7227201, 35.9323147 33.7222786, 35.9327012 33.7219392, 35.9322056 33.7216785, 35.9328512 33.7212613, 35.9328192 33.720971, 35.9330765 33.7207124, 35.9323254 33.7196327, 35.931258 33.7199762, 35.9315154 33.7207437))",0.0548974357777139,OSM
8,,794530678,way,33.7359886,35.8612653,"[7431372986, 7431372469, 7431372468, 9693002741, 8476830178, 8476830179, 8476830190, 7431372987, 8476830172, 8476830175, 8479112210, 7431372986]","POLYGON ((35.8594583 33.7370973, 35.8599003 33.737378, 35.8630535 33.7349642, 35.8630724 33.7348586, 35.8629872 33.7347744, 35.8628222 33.734623, 35.8627393 33.7345991, 35.8626597 33.734612, 35.8624877 33.7347472, 35.862388 33.7347922, 35.8617555 33.7352734, 35.8594583 33.7370973))",0.031939776293637145,OSM
9,,799071131,way,33.7810245,35.820795,"[7473271264, 7473271263, 7473271268, 7473271267, 7473271266, 7473271265, 9580448971, 6516120828, 7473271264]","POLYGON ((35.8192993 33.781032, 35.8199062 33.7820545, 35.8222907 33.7804092, 35.8219877 33.7799945, 35.8204642 33.7810714, 35.8204079 33.7807703, 35.8206493 33.7803646, 35.8206705 33.7801215, 35.8192993 33.781032))",0.034295392020196144,OSM
10,,897113009,way,34.1799399,36.4331475,"[8338567546, 8338567547, 8338567548, 9592981855, 8338567549, 8338567550, 8338567551, 8338567552, 8338567553, 8338567554, 8338567555, 8338567556, 8338567546]","POLYGON ((36.4331879 34.1804521, 36.4324506 34.1799335, 36.432522 34.1798324, 36.4324719 34.1797868, 36.4323938 34.1796238, 36.4327293 34.1794277, 36.4331306 34.1796477, 36.4334078 34.1794771, 36.4338399 34.1798216, 36.4337039 34.1799527, 36.4339012 34.1800824, 36.4336823 34.1804265, 36.4331879 34.1804521))",0.014821757582998455,OSM
11,,897113011,way,34.1781634,36.4430156,"[8338567576, 8338567577, 8338567578, 8338567579, 8338567580, 8338567581, 8338567582, 9665390564, 8338567583, 9665390563, 8338567584, 8338567585, 8338567586, 8338567576]","POLYGON ((36.4435385 34.1777278, 36.4434028 34.1774525, 36.443035 34.1775612, 36.4428642 34.1777532, 36.4422914 34.1786752, 36.4428103 34.1788744, 36.4430722 34.178805, 36.4432557 34.1787971, 36.4433485 34.178758, 36.4434005 34.1788182, 36.443556 34.1788508, 36.4437399 34.178782, 36.4433064 34.1778257, 36.4435385 34.1777278))",0.0172454711683539,OSM
12,,897113012,way,34.1871472,36.4156756,"[8338567587, 8338567588, 8338567589, 9641200444, 8338567590, 8338567591, 8338567592, 9641200443, 8338567593, 8338567594, 8338567595, 8338567596, 8338567587]","POLYGON ((36.4159345 34.1873136, 36.4160671 34.1871712, 36.4163846 34.1871311, 36.4164041 34.1869725, 36.4163562 34.1868659, 36.4160807 34.1867207, 36.4153467 34.1868046, 36.4151368 34.1869137, 36.4149545 34.1870534, 36.414947 34.1875672, 36.4151447 34.1875737, 36.4155981 34.1873983, 36.4159345 34.1873136))",0.011973688397713027,OSM
13,,897113013,way,34.1756706,36.412362,"[8338567597, 8338567598, 9585833067, 8338567599, 8338567600, 8338567597]","POLYGON ((36.4120786 34.1763091, 36.4115949 34.1758287, 36.4121246 34.1753732, 36.4125988 34.1750321, 36.4131292 34.1754943, 36.4120786 34.1763091))",0.013635443186210955,OSM
14,,897113014,way,34.1749036,36.410251,"[8338567601, 9587450711, 8338567602, 8338567603, 8338567604, 8338567605, 8338567601]","POLYGON ((36.4101056 34.175502, 36.4095108 34.1751291, 36.4095103 34.1750377, 36.4103672 34.1743052, 36.4109916 34.1748827, 36.410644 34.1751992, 36.4101056 34.175502))",0.01386700321322452,OSM
15,,897113015,way,34.1739686,36.4109027,"[8338567606, 9665408244, 9665408243, 8338567607, 9665408241, 8338567608, 9665408242, 8338567609, 9665408240, 8338567606]","POLYGON ((36.4105403 34.1744352, 36.4104328 34.1743402, 36.4104831 34.1742981, 36.4102583 34.1741202, 36.4104053 34.1739697, 36.411121 34.173502, 36.4114662 34.1737433, 36.4115471 34.1738286, 36.4107607 34.1743413, 36.4105403 34.1744352))",0.008313499954035299,OSM
16,,910765087,way,34.1952243,36.43074,"[8456935316, 9689878809, 9689878811, 9689935311, 8456935317, 9689865815, 8456935318, 9689878810, 8456935320, 9689935350, 8456935321, 8456935316]","POLYGON ((36.4310561 34.1961585, 36.4312796 34.1960153, 36.4313936 34.1958637, 36.4309457 34.1950983, 36.4306234 34.1942901, 36.4304844 34.1942952, 36.4303878 34.1943694, 36.4301871 34.1950975, 36.4300863 34.1956591, 36.4305541 34.1956795, 36.4307755 34.1957273, 36.4310561 34.1961585))",0.017150489267669194,OSM
17,,910765088,way,34.1923332,36.4335325,"[8456935322, 8456935323, 9587686710, 8456935324, 8456935325, 9587686709, 8456935326, 9656444611, 8456935327, 9656461992, 9656461991, 9656461981, 9656461985, 8456935328, 9656461949, 8456935329, 8456935322]","POLYGON ((36.4334536 34.1929182, 36.4331409 34.1926506, 36.4329734 34.1923195, 36.4329727 34.1917431, 36.433744 34.1917363, 36.4338545 34.1916672, 36.43401 34.1916575, 36.4340527 34.1921382, 36.4340902 34.1924605, 36.4340914 34.1926281, 36.4340922 34.1927309, 36.4340916 34.1927408, 36.4340915 34.1928078, 36.4340902 34.1929414, 36.4338864 34.1929958, 36.4337898 34.1930089, 36.4334536 34.1929182))",0.018345564683016416,OSM
18,,910765089,way,34.1925569,36.4397206,"[8456935330, 8456935331, 8456935332, 8456935333, 8456935334, 9587635178, 8456935335, 8456935336, 9587635179, 8456935337, 8456935338, 8456935339, 8456935340, 9585923074, 9585923077, 8456935342, 9585923076, 9585923075, 8456935341, 8456935330]","POLYGON ((36.439867 34.1911023, 36.4394017 34.1922716, 36.4387775 34.1921166, 36.4381167 34.1931901, 36.4381802 34.1933339, 36.4386034 34.1935497, 36.439304 34.1938137, 36.4392856 34.1938897, 36.439453 34.1939751, 36.4396062 34.1939187, 36.440094 34.1940116, 36.4403186 34.1935993, 36.4400898 34.1935285, 36.4407008 34.1926978, 36.4408537 34.1922474, 36.4412505 34.1923361, 36.4413245 34.1921076, 36.4409316 34.1919912, 36.44117 34.1913636, 36.439867 34.1911023))",0.07255508354411086,OSM
19,,910765098,way,34.1636076,36.412138,"[8456935449, 8456935450, 8456935451, 8456935452, 9587398505, 9587398506, 8456935453, 8456935454, 8456935455, 8456935456, 9587398507, 9587398508, 9587398509, 9587398512, 9587398511, 9587398510, 8456935457, 8456935458, 8456935459, 8456935460, 8456935449]","POLYGON ((36.4122937 34.1634302, 36.4130205 34.163773, 36.4133207 34.1631678, 36.4133155 34.1627989, 36.4131117 34.1626627, 36.4128153 34.1628491, 36.4127512 34.162991, 36.4121227 34.1629238, 36.4115924 34.1629799, 36.4111758 34.1633468, 36.4109552 34.1638156, 36.4113924 34.1641862, 36.4114876 34.164538, 36.4121434 34.1645524, 36.4121112 34.1641707, 36.4122862 34.1642328, 36.4123511 34.1641859, 36.4123743 34.1640201, 36.4117461 34.163825, 36.4120681 34.163674, 36.4122937 34.1634302))",0.03301426413866717,OSM
20,,910765102,way,34.1713422,36.409153,"[8456935481, 8456935482, 8456935483, 9665352757, 9665352758, 9665352759, 8456935484, 8456935485, 8456935481]","POLYGON ((36.4090766 34.1716665, 36.409533 34.1712952, 36.4092044 34.1710179, 36.4091159 34.1711053, 36.4091729 34.1711613, 36.408965 34.1713311, 36.4087729 34.1713927, 36.4088137 34.171599, 36.4090766 34.1716665))",0.0035353359590265974,OSM
21,,910765105,way,34.1732731,36.4146341,"[8456935497, 8456935498, 8456935499, 9585833064, 9585833065, 8456935500, 8456935501, 9682308756, 8456935497]","POLYGON ((36.4139474 34.1737698, 36.4138023 34.1731312, 36.4144479 34.1727765, 36.4147693 34.1728812, 36.4150429 34.1730543, 36.4154659 34.1733124, 36.4145103 34.1737025, 36.4142404 34.1737501, 36.4139474 34.1737698))",0.014754176832303158,OSM
22,,910765106,way,34.1902107,36.4217767,"[8456935506, 9585934463, 9585934461, 6645893401, 8456935507, 9585934454, 9585934455, 9585934453, 9585934452, 8456935508, 9585934457, 9585934456, 9585934458, 8456935510, 8456935511, 8456935512, 8456935506]","POLYGON ((36.4204837 34.1914372, 36.4212924 34.1916639, 36.4218289 34.1916861, 36.4222098 34.191558, 36.4232709 34.1904497, 36.4228105 34.1900487, 36.4232504 34.1890459, 36.4224833 34.1887353, 36.4220756 34.189534, 36.4223555 34.1897511, 36.4221686 34.1898504, 36.4218315 34.1903793, 36.4212656 34.1895295, 36.4207349 34.1891165, 36.4202825 34.1898319, 36.4212344 34.1910327, 36.4204837 34.1914372))",0.07088185836390655,OSM
23,,910765107,way,34.1900086,36.4251867,"[8456935513, 8456935514, 9585934451, 8456935515, 8456935516, 9585934450, 8456935517, 9643369946, 8456935513]","POLYGON ((36.42505 34.1907405, 36.4258257 34.1906868, 36.4259434 34.1900399, 36.4257245 34.1895886, 36.4257054 34.1894748, 36.4249563 34.1892766, 36.4244299 34.1894416, 36.42479 34.1900044, 36.42505 34.1907405))",0.021693681953850415,OSM
24,,910765111,way,34.1895992,36.4384776,"[8456935538, 8456935539, 9585923086, 9585923085, 9695759017, 9585923084, 9585923083, 9585923082, 9585923081, 9693125539, 9587522051, 9585923080, 9692988623, 8456935541, 8456935542, 9585923079, 8456935543, 9695747116, 8456935544, 8456935545, 8456935546, 8456935547, 9644226878, 8456935548, 9587522053, 9692947209, 9695759020, 8456935549, 8456935550, 8456935551, 9695759018, 9695759019, 9587522055, 9587522057, 9587522056, 8456935538]","POLYGON ((36.4369516 34.1902875, 36.4372426 34.189482, 36.4375157 34.1895495, 36.4375842 34.1892145, 36.437564 34.1891457, 36.4372945 34.1889883, 36.437332 34.1886077, 36.4382158 34.1886343, 36.4381675 34.1891002, 36.4381035 34.1891708, 36.4376834 34.1893621, 36.4384117 34.1895562, 36.4388707 34.1896635, 36.4391883 34.1897631, 36.4394627 34.1892816, 36.4400035 34.1894941, 36.439806 34.1896982, 36.439864 34.1898069, 36.4398616 34.1898957, 36.4397063 34.1900329, 36.4393068 34.1902375, 36.4387112 34.1905177, 36.438595 34.1905815, 36.4384041 34.1905907, 36.4382789 34.1905901, 36.4382908 34.190567, 36.4383151 34.1904481, 36.4383173 34.1903028, 36.4381225 34.1900413, 36.4380046 34.1904993, 36.4379248 34.1904825, 36.437725 34.1904126, 36.4376794 34.1904537, 36.4372288 34.1903571, 36.4371496 34.1904626, 36.4369516 34.1902875))",0.04272961400265725,OSM
25,,910765113,way,34.1898446,36.4410335,"[8456935557, 8456935558, 8456935559, 9587549843, 8456935560, 8456935557]","POLYGON ((36.4412061 34.1901585, 36.440564 34.189677, 36.4410068 34.1895307, 36.4415029 34.1897137, 36.4413028 34.1900773, 36.4412061 34.1901585))",0.004502098805058154,OSM
26,,910765114,way,34.1905526,36.4420178,"[8456935561, 8456935562, 8456935563, 8456935564, 8456935565, 8456935566, 8456935561]","POLYGON ((36.4418969 34.19114, 36.441563 34.1906288, 36.44192 34.1899462, 36.4424727 34.1901336, 36.4420582 34.1910067, 36.4419929 34.1911591, 36.4418969 34.19114))",0.008809053902336297,OSM
27,,936672996,way,33.7922034,35.9152374,"[8679217383, 2076273687, 8658426463, 8679217380, 8679217379, 8679217378, 8679217377, 8679217383]","POLYGON ((35.9154895 33.7906793, 35.9169245 33.7918139, 35.9147867 33.7937276, 35.9142356 33.793177, 35.9139848 33.7929151, 35.9137675 33.7926788, 35.9135503 33.7923155, 35.9154895 33.7906793))",0.07526157584123463,OSM
28,,936674008,way,33.7937466,35.9213303,"[8679229553, 2076273774, 2076273824, 8679229554, 8679229553]","POLYGON ((35.9202558 33.7943194, 35.9211302 33.794975, 35.9224049 33.7939095, 35.9217095 33.7925183, 35.9202558 33.7943194))",0.03759335819016662,OSM
29,,937293087,way,33.7903539,35.9331264,"[8684564370, 8684564369, 8684564368, 8684564367, 8684564366, 8684564365, 8684564364, 8684564363, 8684564362, 8684564361, 8684564360, 8684564373, 8684564359, 8684564370]","POLYGON ((35.9323311 33.7920458, 35.9335086 33.7909959, 35.9337875 33.7911653, 35.9350455 33.7902669, 35.9340584 33.7892571, 35.9334254 33.788662, 35.9322292 33.7894979, 35.9328595 33.7900842, 35.9320018 33.7906525, 35.9316646 33.790345, 35.9312072 33.7906548, 35.9313011 33.7909803, 35.9316605 33.7914194, 35.9323311 33.7920458))",0.08666957450966964,OSM
30,,937293095,way,33.7967468,35.9257033,"[8684597817, 8684564416, 8684564415, 8684564414, 8684564413, 8684564412, 8684597817]","POLYGON ((35.9244347 33.7966598, 35.9244829 33.7962007, 35.9246439 33.7957861, 35.9248906 33.7955632, 35.926972 33.7970566, 35.9261084 33.7979303, 35.9244347 33.7966598))",0.04283936230752975,OSM
31,,937309534,way,33.7756689,35.9171391,"[8684699678, 8684699677, 8684699676, 8684699673, 8684699675, 8684699674, 8684699678]","POLYGON ((35.9159455 33.777045, 35.9186062 33.7748913, 35.917905 33.7742927, 35.9168091 33.7751722, 35.9172291 33.7755546, 35.9156719 33.7768086, 35.9159455 33.777045))",0.029742988795523045,OSM
32,,941483963,way,33.7896084,35.9435347,"[8718820872, 8718820871, 8718820870, 9699983970, 8718820869, 8718820868, 8718820867, 8718820866, 8718820865, 8718820864, 8492131399, 8718820863, 8718820862, 8718820872]","POLYGON ((35.9405225 33.7887065, 35.9425986 33.7872264, 35.9432208 33.7873735, 35.9438096 33.7876521, 35.9447926 33.7882785, 35.9456992 33.7888046, 35.9465468 33.7892683, 35.9453344 33.79016, 35.945549 33.7904096, 35.9455061 33.7906414, 35.9438332 33.7919904, 35.9433925 33.7917114, 35.9418154 33.7902045, 35.9405225 33.7887065))",0.22282530865906136,OSM
33,,941483965,way,33.7926509,35.9408122,"[8718651461, 8718651462, 8718820884, 8718820883, 8718820882, 8718820881, 8718820880, 8718651461]","POLYGON ((35.9386504 33.7936552, 35.9425422 33.7910137, 35.9430599 33.7915955, 35.9408981 33.7930266, 35.9401578 33.7936039, 35.9391278 33.7942882, 35.9385645 33.7937176, 35.9386504 33.7936552))",0.05505636726134145,OSM
34,,1026354643,way,34.0421952,36.1559079,"[9462769049, 9462769048, 9462769047, 9462769046, 9462769045, 9462769044, 9462769043, 9462769041, 9462769049]","POLYGON ((36.1552548 34.0428075, 36.1568749 34.042263, 36.1564752 34.0415829, 36.1549786 34.0420874, 36.154941 34.0421496, 36.1549786 34.0422608, 36.1550966 34.0425141, 36.1551623 34.0426619, 36.1552548 34.0428075))",0.019444989063458252,OSM
35,,1026447769,way,33.6806978,35.8188381,"[9463584150, 9463584149, 9463584148, 9463584147, 9463584146, 9463584145, 9463584144, 9463584143, 9463584142, 9463584141, 9463584140, 9463584139, 9463584138, 9463584137, 9463584136, 9463584135, 9463584134, 9463584150]","POLYGON ((35.8183908 33.6816162, 35.8183292 33.6815783, 35.8183171 33.6814198, 35.8184043 33.6810493, 35.8185799 33.6804043, 35.8187315 33.6798965, 35.8187905 33.6797715, 35.8190399 33.6798027, 35.8190453 33.6799032, 35.8192706 33.679959, 35.8193216 33.6801197, 35.8191928 33.680229, 35.819335 33.6807982, 35.8193591 33.6811464, 35.8189648 33.6811308, 35.8188736 33.681383, 35.8188522 33.681624, 35.8183908 33.6816162))",0.01794320810449154,OSM
36,,1026450052,way,33.6472105,35.8256637,"[9463589777, 9463589776, 9463589775, 9463589774, 9463589773, 9463589772, 9463589771, 9463589770, 9463589769, 9463589768, 9463589767, 9463589766, 9463589765, 9463589764, 9463589763, 9463589762, 9463589761, 9463589760, 9463589759, 9463589758, 9463589757, 9463589756, 9463589755, 9463589754, 9463589753, 9463589752, 9463589751, 9463589750, 9463589749, 9463589748, 9463589747, 9463589746, 9463589745, 9463589744, 9463589743, 9463589742, 9463589777]","POLYGON ((35.8265045 33.6455738, 35.8266118 33.6455392, 35.8272314 33.6458942, 35.8271992 33.6459768, 35.8268639 33.6464413, 35.8262524 33.6473076, 35.826019 33.6476649, 35.8260217 33.6477944, 35.8262122 33.6478904, 35.8262819 33.647973, 35.8262309 33.648098, 35.8261317 33.6482208, 35.825842 33.6480779, 35.8257374 33.6481494, 35.8256945 33.6482923, 35.8254907 33.648788, 35.8254048 33.6488661, 35.8253002 33.6488818, 35.825091 33.6488148, 35.825091 33.6487076, 35.8252144 33.6483704, 35.8253244 33.648002, 35.8253378 33.6478614, 35.8247289 33.6476693, 35.8245948 33.6477073, 35.8243883 33.6477341, 35.8242381 33.6477028, 35.8240959 33.6476046, 35.8241066 33.6474594, 35.8242086 33.6472987, 35.8249918 33.64758, 35.8251956 33.6472875, 35.8254477 33.6473433, 35.8260351 33.6465484, 35.8262175 33.6461465, 35.8263302 33.6458607, 35.8265045 33.6455738))",0.04002094664210336,OSM
37,,1026450793,way,33.6356888,35.7864585,"[7460286721, 9463526476, 9463526475, 9463526474, 4744630212, 7460286722, 7460286721]","POLYGON ((35.7855284 33.6357296, 35.7855137 33.6357027, 35.7863519 33.6350585, 35.7866174 33.6348709, 35.7867086 33.634872, 35.7874033 33.6365067, 35.7855284 33.6357296))",0.019797612377026534,OSM
38,,1026450794,way,33.634931,35.7859348,"[9463526481, 9463526480, 9463526479, 9463526478, 9463526477, 7460286719, 9629671285, 9629671284, 9463526481]","POLYGON ((35.7865954 33.6339806, 35.7869232 33.6342445, 35.787178 33.6343986, 35.7852897 33.6358233, 35.7852001 33.6358815, 35.7846916 33.6355152, 35.7858274 33.6346054, 35.7859181 33.6345204, 35.7865954 33.6339806))",0.023569477288104906,OSM
39,,1040254854,way,34.636121,36.0081625,"[9578124269, 9578124268, 9578124267, 9578124266, 9578124265, 9578124264, 9578124269]","POLYGON ((36.0081893 34.6368493, 36.0089189 34.6366109, 36.0084093 34.6355517, 36.0080981 34.6355958, 36.0078406 34.6353928, 36.0074061 34.6355472, 36.0081893 34.6368493))",0.017164832913909984,OSM
40,,1040254855,way,34.6351952,36.0104196,"[9578124276, 9578124275, 9578124274, 9578124273, 9578124272, 9578124271, 9578124276]","POLYGON ((36.0101151 34.6361872, 36.0113221 34.6357723, 36.0111397 34.6352957, 36.0109091 34.6353663, 36.0104746 34.6342032, 36.009517 34.6344791, 36.0101151 34.6361872))",0.029105863501332457,OSM
41,,1040254856,way,34.6379251,36.0086694,"[9578124280, 9578124279, 9578124278, 9578124277, 9578124280]","POLYGON ((36.0079372 34.6370832, 36.0087955 34.6389369, 36.0094017 34.6387427, 36.0083583 34.6369133, 36.0079372 34.6370832))",0.016854069422448704,OSM
42,,1040495575,way,33.7820645,35.8560752,"[9580358487, 9580358486, 9580358485, 9580358484, 9580358483, 9580358482, 9580358481, 9580358480, 9580358479, 9580358478, 9580358477, 9580358476, 9580358475, 9580358474, 9580358487]","POLYGON ((35.855577 33.7828347, 35.8554724 33.7826876, 35.8554509 33.7824802, 35.8553329 33.7823978, 35.855636 33.7818204, 35.8557969 33.781593, 35.8559176 33.7814726, 35.8562019 33.7812942, 35.8565158 33.7817345, 35.8568175 33.7823487, 35.8567853 33.7824557, 35.8566955 33.7824312, 35.8562019 33.7826118, 35.8558559 33.7827656, 35.855577 33.7828347))",0.019401812346195094,OSM
43,,1040504859,way,33.7850852,35.8209873,"[9580475882, 9580448972, 9580448989, 9580448988, 9580448987, 9580448986, 9580448985, 9580448984, 9580448983, 9580448982, 9580475881, 9580475880, 9580475882]","POLYGON ((35.8216873 33.7852312, 35.8217946 33.7854653, 35.8205795 33.7859958, 35.8204159 33.7858086, 35.8202791 33.7857841, 35.820196 33.7853872, 35.8201799 33.7851532, 35.8202469 33.7848478, 35.8207083 33.7845312, 35.821344 33.7841745, 35.8214352 33.7842437, 35.8215203 33.7847959, 35.8216873 33.7852312))",0.027214097681895203,OSM
44,,1040510912,way,33.7840062,35.8218885,"[9580448981, 9580448980, 9580448979, 9580448978, 9580448977, 9580448976, 9580448975, 9580448974, 9580448973, 9629717861, 9580475879, 9580475878, 9580475877, 9580475876, 9580448981]","POLYGON ((35.821403 33.7840185, 35.8213118 33.7838089, 35.8212635 33.7833742, 35.8213279 33.7832471, 35.8219971 33.7827968, 35.8223632 33.7838268, 35.8225134 33.7845925, 35.8218321 33.7851019, 35.8217409 33.7852156, 35.8217096 33.7851403, 35.8216672 33.785074, 35.8216055 33.7849202, 35.8215438 33.7846995, 35.8215022 33.7843406, 35.821403 33.7840185))",0.026977412894404994,OSM
45,,1040512192,way,33.8143816,35.8944087,"[9580474365, 9580474364, 9580474363, 9580474362, 9580474361, 9580474360, 9580474359, 9580474358, 9580474357, 9580474356, 9580474355, 9580474354, 9580474353, 9580474352, 9580474345, 9580474350, 9580474349, 9580474348, 9580474347, 9580474365]","POLYGON ((35.8921891 33.814293, 35.8929858 33.8131988, 35.8936067 33.8135024, 35.8945267 33.813927, 35.8946233 33.8137698, 35.8950417 33.813128, 35.8952831 33.813352, 35.8954293 33.8135019, 35.8954802 33.8135465, 35.8956425 33.8136573, 35.8959791 33.813888, 35.896364 33.8141231, 35.8966282 33.8143983, 35.8963224 33.814766, 35.895998 33.8146569, 35.8957337 33.8145609, 35.8956425 33.8146891, 35.8950202 33.8156351, 35.8934102 33.8148646, 35.8921891 33.814293))",0.08268699731773009,OSM
46,,1040514522,way,33.7874392,35.9099581,"[9580554305, 9580554304, 9580554303, 9580554302, 9580554301, 9580554300, 9580554299, 9580554298, 9580554305]","POLYGON ((35.908969 33.7877926, 35.9091286 33.7879698, 35.9094746 33.7880701, 35.9098783 33.7878305, 35.9109472 33.7872096, 35.9108721 33.7871305, 35.9105878 33.7868084, 35.9089704 33.7877614, 35.908969 33.7877926))",0.014419562818620084,OSM
47,,1040515585,way,33.7825973,35.9093237,"[9580495571, 9580495570, 9580495574, 9580495573, 9580495572, 9580495571]","POLYGON ((35.909315 33.7824613, 35.9085895 33.7829373, 35.9087545 33.7830978, 35.910058 33.7822618, 35.9098917 33.7820968, 35.909315 33.7824613))",0.005306683327465447,OSM
48,,1040518032,way,33.7479978,35.9089872,"[9580569532, 9580569531, 9580569530, 9580569529, 9580569528, 9580569527, 9580569526, 9580569532]","POLYGON ((35.9083025 33.7492746, 35.9080611 33.7492323, 35.9081939 33.7488297, 35.9088993 33.746721, 35.9099132 33.7469418, 35.9092131 33.74797, 35.908556 33.7489512, 35.9083025 33.7492746))",0.025526993422415583,OSM
49,,1040518700,way,33.7595641,35.9022742,"[9580569589, 9580569588, 9580569587, 9580569586, 9580569585, 9580569584, 9580569583, 9580569582, 9580569589]","POLYGON ((35.9017485 33.7599677, 35.9023735 33.7590468, 35.9026042 33.7587948, 35.9027517 33.7591115, 35.9027705 33.7595597, 35.9028 33.7599477, 35.9025532 33.7602777, 35.9024727 33.7603334, 35.9017485 33.7599677))",0.013303798810758233,OSM
50,,1040519309,way,33.7873378,35.9530565,"[9580560263, 9580560262, 9580560265, 9580560264, 9580560263]","POLYGON ((35.9533918 33.7866334, 35.9521043 33.7876321, 35.9527481 33.7880422, 35.9540087 33.7870837, 35.9533918 33.7866334))",0.017369810949384466,OSM
51,,1040528787,way,33.7675754,35.911149,"[9580648391, 9580648390, 9580648389, 9580648388, 9580648387, 9580648386, 9580648385, 9580648384, 9580648391]","POLYGON ((35.9119141 33.7688803, 35.9126799 33.7681333, 35.9110981 33.7667481, 35.9106763 33.7664242, 35.9104818 33.7662704, 35.9096181 33.7668668, 35.9100848 33.7673061, 35.9104067 33.767567, 35.9119141 33.7688803))",0.04705071147280246,OSM
52,,1040529468,way,33.7639592,35.9093137,"[9580663099, 9580663098, 9580663097, 9580663096, 9580663095, 9580663099]","POLYGON ((35.9086391 33.7638522, 35.9091219 33.7634374, 35.9099883 33.7638343, 35.9094867 33.764481, 35.9091058 33.7642245, 35.9086391 33.7638522))",0.010707529791733223,OSM
53,,1040529469,way,33.7646705,35.9142812,"[9580663109, 9580663108, 9580663107, 9580663106, 9580663105, 9580663104, 9580663103, 9580663102, 9580663101, 9580663100, 9580663109]","POLYGON ((35.9149396 33.7657854, 35.9141055 33.7649648, 35.9131613 33.7639926, 35.9132954 33.7638722, 35.9131238 33.7636693, 35.9133303 33.7635556, 35.9139821 33.7642647, 35.9145561 33.7647173, 35.9146929 33.7647263, 35.9154385 33.7654331, 35.9149396 33.7657854))",0.019743940303639438,OSM
54,,1041186730,way,34.1786318,36.4098086,"[9585833072, 9585833071, 9585833070, 9585833069, 9585833068, 9585833072]","POLYGON ((36.4092815 34.178471, 36.4098904 34.1792054, 36.4103356 34.1787483, 36.4099359 34.1781714, 36.4097857 34.1780582, 36.4092815 34.178471))",0.009149469672278686,OSM
55,,1041186731,way,34.1641496,36.4260224,"[9585833079, 9585833078, 9585833077, 9585833076, 9585833075, 9585833074, 9585833073, 9585833079]","POLYGON ((36.4251199 34.1642772, 36.4265737 34.1648798, 36.4266729 34.1649275, 36.426925 34.1643782, 36.4268057 34.1637113, 36.425871 34.1634772, 36.4253747 34.1633717, 36.4251199 34.1642772))",0.026950787705275238,OSM
56,,1041196719,way,34.1953711,36.4243119,"[6645739701, 9585934431, 9585934430, 9585934429, 9585934428, 9585934427, 9585934426, 6645739799, 9585934425, 9585934424, 9585934423, 9585934422, 9585934421, 9585934420, 9585934419, 9585934418, 9585934417, 9585916416, 9641324707, 6645739701]","POLYGON ((36.4226831 34.1957327, 36.4234543 34.196283, 36.4241999 34.1965447, 36.425187 34.1968908, 36.4253747 34.1969529, 36.4255679 34.1967488, 36.4250529 34.1961987, 36.4259407 34.1955142, 36.4254713 34.1949297, 36.4249349 34.1947877, 36.4243823 34.1937893, 36.4237869 34.1939712, 36.4242321 34.1947744, 36.4242965 34.194943, 36.4240819 34.1951205, 36.423642 34.1945436, 36.4234382 34.1945303, 36.4229983 34.1950961, 36.4226831 34.195644, 36.4226831 34.1957327))",0.07666059313805358,OSM
57,,1041196720,way,34.1954826,36.4194601,"[9585934443, 9693249556, 9693249555, 9693249554, 9585934442, 9585934441, 9585934440, 9585934439, 9585934438, 9585934437, 9585934436, 6659828944, 9585934435, 9585934434, 9585934433, 6659742706, 6659742699, 9585934432, 9585934443]","POLYGON ((36.4188275 34.1968221, 36.4187846 34.1969019, 36.4191011 34.1970339, 36.4191815 34.1969152, 36.4194417 34.1969984, 36.4202383 34.1958015, 36.4207426 34.1951848, 36.4208284 34.1949629, 36.4197957 34.1944105, 36.4199084 34.194273, 36.4191735 34.1939313, 36.4186196 34.1945803, 36.4193344 34.1949518, 36.4190394 34.1952846, 36.4182562 34.194903, 36.4180919 34.1951721, 36.419022 34.1959303, 36.4187711 34.1963318, 36.4188275 34.1968221))",0.05900842343397211,OSM
58,,1041196721,way,34.1917881,36.4243941,"[9585934449, 9587718514, 9587718513, 9585934448, 9585934447, 9585934446, 9585934445, 9585934444, 9585934449]","POLYGON ((36.4237493 34.190812, 36.4241758 34.1913156, 36.4242402 34.1915508, 36.4245808 34.1917771, 36.4248839 34.1918525, 36.4252192 34.1920877, 36.4249402 34.1927643, 36.4235689 34.1926036, 36.4237493 34.190812))",0.025856120565394585,OSM
59,,1041201699,way,34.1953698,36.4387804,"[9585923073, 9585923072, 9585923071, 9585923070, 9587635180, 6673652916, 9585923069, 9585923068, 9585923073]","POLYGON ((36.4374876 34.1960678, 36.4379704 34.1967334, 36.4394968 34.1963347, 36.4401913 34.1941244, 36.4394446 34.1940062, 36.4386195 34.1954555, 36.4383039 34.1951762, 36.4373696 34.1958637, 36.4374876 34.1960678))",0.054320621102578924,OSM
60,,1041215315,way,34.5939348,36.2109602,"[9586094620, 9586094619, 9586094618, 9586094617, 9586072616, 9586072615, 9586072614, 9641338282, 9641338281, 9586072613, 9586072612, 9586072611, 9586072610, 9586072609, 9586072608, 9586094620]","POLYGON ((36.2105875 34.5942849, 36.2114739 34.5944252, 36.2115141 34.5942228, 36.2115148 34.5941534, 36.2116122 34.5939742, 36.2116179 34.593928, 36.2116328 34.5938406, 36.2116399 34.5938048, 36.2103732 34.5934443, 36.2103595 34.5934768, 36.2102804 34.5936788, 36.2103327 34.5938455, 36.2105647 34.5939074, 36.2105419 34.5939758, 36.2106505 34.5939979, 36.2105875 34.5942849))",0.011998980448819464,OSM
61,,1041217661,way,34.5985506,36.0980205,"[9586101354, 9586101353, 9643188549, 9586101352, 9586101351, 9586101350, 9586101354]","POLYGON ((36.0977188 34.5987835, 36.0973674 34.5981609, 36.0977919 34.5982056, 36.0986549 34.5983375, 36.0986736 34.598565, 36.0984671 34.5989403, 36.0977188 34.5987835))",0.009721180591007605,OSM
62,,1041365856,way,34.1236685,36.0384026,"[9587306721, 9587306720, 9587306719, 9587306718, 9587306717, 9587273016, 9587273015, 9587273014, 9587273013, 7414886360, 9587273012, 9587273001, 9587273000, 9587272999, 9587273011, 9587273010, 9587273009, 9587273008, 9587273007, 9587273006, 9587273005, 9587273004, 9587273003, 9587273002, 9587306721]","POLYGON ((36.037302 34.122349, 36.0377285 34.1224312, 36.0386002 34.1231117, 36.0386619 34.1233471, 36.03937 34.1239932, 36.0396114 34.1243374, 36.0398313 34.124928, 36.0398233 34.1249569, 36.0397294 34.124988, 36.0395256 34.1249458, 36.0393794 34.1249424, 36.0390461 34.1248619, 36.0389992 34.124802, 36.0388396 34.1241337, 36.0388765 34.1240843, 36.0386056 34.1237801, 36.0380664 34.1233804, 36.0380262 34.123407, 36.0374415 34.1231095, 36.0369916 34.122885, 36.0369738 34.1228472, 36.0369855 34.1226815, 36.0371317 34.1225466, 36.0372309 34.1225622, 36.037302 34.122349))",0.029940330649113205,OSM
63,,1041367052,way,34.1042705,36.2189258,"[9587315964, 9587315963, 9587315962, 9587315961, 9587315960, 9587315959, 9587315958, 9587315957, 9587315956, 9587315964]","POLYGON ((36.2182586 34.1052987, 36.2186462 34.1048556, 36.2194696 34.1044648, 36.2200114 34.1039873, 36.2201053 34.1038074, 36.2197687 34.1032244, 36.2188473 34.1036153, 36.2177463 34.1043715, 36.2181044 34.1053165, 36.2182586 34.1052987))",0.03416080124745455,OSM
64,,1041380785,way,34.0990655,36.2189811,"[9587398007, 9587398006, 9587398005, 9587398004, 9587398003, 9587398002, 9587398001, 9587398000, 9587397999, 9587397998, 9587397997, 9587397996, 9587397995, 9587397994, 9587397993, 9587397992, 9587397991, 9587397990, 9587398007]","POLYGON ((36.2188366 34.1000117, 36.2193523 34.0998324, 36.2195145 34.0999989, 36.2196493 34.0999584, 36.219715 34.0997752, 36.219595 34.0995486, 36.2199678 34.0994215, 36.2193462 34.0981194, 36.2190565 34.098206, 36.2190163 34.098397, 36.2191491 34.0987146, 36.2191156 34.0991011, 36.2186837 34.0992477, 36.2179944 34.0994353, 36.2181164 34.0996663, 36.2188366 34.0994553, 36.2190257 34.0997641, 36.2187789 34.0998807, 36.2188366 34.1000117))",0.020936128280590598,OSM
65,,1041380786,way,34.1007868,36.2206229,"[9587407918, 9587407917, 9587398016, 9587398015, 9587398014, 9587398013, 9587398012, 9587398011, 9587398010, 9587398009, 9587398008, 9587407918]","POLYGON ((36.2218541 34.1006647, 36.2215054 34.1001005, 36.2201804 34.1005514, 36.2199967 34.1005381, 36.2197982 34.1006114, 36.2198518 34.1008124, 36.2193918 34.1011378, 36.2195186 34.1013721, 36.2195876 34.1014731, 36.2202796 34.1011722, 36.2204741 34.1011455, 36.2218541 34.1006647))",0.021806664895087466,OSM
66,,1041396576,way,34.1757205,36.4363007,"[9587498890, 9665399654, 9665399653, 9587498889, 9587498888, 9587498887, 9587498886, 9587498885, 9587498884, 9587498883, 9587498882, 9587498881, 9587498880, 9587498879, 9587498890]","POLYGON ((36.4370866 34.1760533, 36.4369552 34.1760417, 36.4368452 34.1759785, 36.4367272 34.1759479, 36.4364094 34.1758792, 36.4356355 34.1759169, 36.4355993 34.1757371, 36.435429 34.1755308, 36.4354384 34.1754653, 36.4359413 34.1753887, 36.436347 34.1753876, 36.4370638 34.1754442, 36.4371724 34.175584, 36.4371456 34.1758525, 36.4370866 34.1760533))",0.012436162814046322,OSM
67,,1041425501,way,34.1894941,36.4178632,"[9587745825, 9587745824, 9587745823, 9587745822, 9587745821, 9587745820, 9587745819, 9587745818, 9587745825]","POLYGON ((36.4178163 34.1899556, 36.4181891 34.1897936, 36.4183339 34.1896117, 36.4183393 34.1895495, 36.4181972 34.1893144, 36.4176795 34.1890326, 36.4173871 34.1893321, 36.4173871 34.1894231, 36.4178163 34.1899556))",0.007824252102961816,OSM
68,,1041426982,way,34.1926489,36.4259394,"[9587766033, 9587766032, 9587766031, 9587766030, 9587766029, 9587766028, 9587766027, 9587766026, 9587766025, 9587766024, 9587766023, 9587766022, 9587766021, 9587766020, 9587766019, 9587718512, 9587718511, 9587718510, 9587718509, 9587766018, 9587766017, 9587718516, 9587718515, 9587766033]","POLYGON ((36.425879 34.1917926, 36.426217 34.1923938, 36.4265428 34.1928331, 36.4270739 34.1928886, 36.4269143 34.1931859, 36.4269586 34.1933367, 36.4266193 34.1934233, 36.4259393 34.1934033, 36.4255732 34.1935053, 36.4252111 34.1934676, 36.4252192 34.1933855, 36.4255156 34.1932613, 36.4255209 34.1931748, 36.4252406 34.1930971, 36.4249362 34.1930206, 36.4248048 34.1929185, 36.4248691 34.1927876, 36.4250502 34.1927777, 36.4251159 34.1927133, 36.4255759 34.1926578, 36.4258388 34.1925358, 36.4256805 34.192081, 36.425651 34.1918303, 36.425879 34.1917926))",0.02474334182842986,OSM
69,,1041428964,way,34.3614877,36.4856252,"[9587783210, 9587783209, 9587783208, 9587783207, 9587783206, 9587783205, 9587783204, 9587783203, 9587783202, 9587783210]","POLYGON ((36.4869529 34.3612065, 36.4863574 34.3619394, 36.4871594 34.3626214, 36.4864969 34.3631018, 36.4851183 34.3619195, 36.4847401 34.3614656, 36.4841634 34.3609763, 36.484091 34.360684, 36.485467 34.3598736, 36.4869529 34.3612065))",0.07030044047131609,OSM
70,,1041428965,way,34.3639055,36.4807154,"[9587784921, 9587784920, 9587784919, 9587784918, 9587784917, 9587783216, 9587783215, 9587783214, 9587783213, 9587783212, 9587783211, 9587784921]","POLYGON ((36.4804646 34.3620678, 36.4791557 34.3629136, 36.4811955 34.3656369, 36.4820364 34.3657432, 36.4822751 34.3656436, 36.4822403 34.3653004, 36.4816368 34.3642952, 36.4811218 34.3638613, 36.4808857 34.3632413, 36.4803064 34.3625195, 36.4806014 34.3622494, 36.4804646 34.3620678))",0.06484054015163122,OSM
71,,1041429987,way,34.352783,36.4995397,"[9587784134, 9587784133, 9587784132, 9587784131, 9587784130, 9587784129, 9587784128, 9587784127, 9587784126, 9587784125, 9587784134]","POLYGON ((36.499979 34.3538088, 36.4989609 34.353924, 36.4987693 34.3532575, 36.4988651 34.3524102, 36.4991004 34.3516419, 36.5003101 34.3516442, 36.500239 34.3520713, 36.5001377 34.352435, 36.500239 34.3529298, 36.5002198 34.3530812, 36.499979 34.3538088))",0.04299530631241363,OSM
72,,1041431709,way,34.3699932,36.5146074,"[9587804990, 9587804989, 9587804988, 9587804987, 9587804986, 9587804985, 9587804984, 9587804983, 9587804982, 9587804981, 9587804980, 9587804979, 9587804978, 9587804977, 9587804976, 9587804975, 9587804974, 9587804990]","POLYGON ((36.5149003 34.3682055, 36.5140869 34.367722, 36.5131188 34.3684338, 36.5124843 34.3703105, 36.5143716 34.3714284, 36.5141682 34.372026, 36.5145872 34.3722644, 36.5149044 34.3716466, 36.5160189 34.3705757, 36.5167306 34.3702198, 36.5164175 34.3699714, 36.5161368 34.3702433, 36.5152339 34.369686, 36.5140584 34.3709047, 36.5134686 34.3705102, 36.514093 34.3698102, 36.5142963 34.368887, 36.5149003 34.3682055))",0.09822478373464055,OSM
73,,1041432431,way,34.3959828,36.5347649,"[9587819991, 9587819990, 9587819989, 9587819988, 9587819987, 9587819986, 9587819985, 9587819984, 9587819983, 9587819982, 9587819981, 9587819980, 9587819991]","POLYGON ((36.5366341 34.3950984, 36.5346669 34.3942218, 36.5346316 34.394268, 36.5344158 34.3941738, 36.5341241 34.3943402, 36.5328958 34.3959357, 36.5341461 34.3966772, 36.5338058 34.3970556, 36.5339904 34.397172, 36.5340548 34.3971069, 36.535111 34.3977918, 36.5356526 34.3971994, 36.5366341 34.3950984))",0.1126832503417343,OSM
74,,1041454008,way,33.9023876,36.0958694,"[9587984917, 9668533793, 9587951616, 9587951615, 9587951614, 9587951613, 9587951612, 9587951611, 9587951610, 9587951609, 9587951608, 9587951607, 9587984917]","POLYGON ((36.0954604 33.9016596, 36.0952391 33.9017824, 36.0949668 33.9019424, 36.0953423 33.9024767, 36.0954443 33.9024299, 36.0955757 33.9026659, 36.0957339 33.9028551, 36.0956991 33.9029954, 36.0957822 33.9031156, 36.096772 33.9026414, 36.0962704 33.901791, 36.0957205 33.9020403, 36.0954604 33.9016596))",0.01968502982738542,OSM
75,,1041454009,way,33.9179696,36.0656315,"[9587984921, 9587984920, 9587984919, 9587984918, 9587984921]","POLYGON ((36.064505 33.917126, 36.0664791 33.9190803, 36.066758 33.9186707, 36.065197 33.9168589, 36.064505 33.917126))",0.022581478506278084,OSM
76,,1041454010,way,33.918012,36.0601088,"[9587984927, 9587984926, 9587984925, 9587984924, 9587984923, 9587984922, 9587984927]","POLYGON ((36.0591486 33.917727, 36.0598755 33.9185684, 36.0602986 33.9183608, 36.0604602 33.9182467, 36.0610691 33.9178605, 36.0607016 33.9174555, 36.0591486 33.917727))",0.017115286567357932,OSM
77,,1041456558,way,33.8770229,36.0372886,"[9588000738, 9588000737, 9588000736, 9588000735, 9588000734, 9588000733, 9588000732, 9588000731, 9588000738]","POLYGON ((36.0366476 33.8777066, 36.0367119 33.8772167, 36.0368836 33.8767089, 36.0370177 33.8764283, 36.037538 33.8761478, 36.0379296 33.8766154, 36.0376453 33.8774572, 36.0370392 33.8778981, 36.0366476 33.8777066))",0.02063345163623625,OSM
78,,1041456559,way,33.8837456,36.0257443,"[9588000742, 9588000741, 9588000740, 9588000739, 9588000742]","POLYGON ((36.0236227 33.8844358, 36.0274315 33.8827703, 36.027866 33.8829885, 36.0238051 33.8847209, 36.0236227 33.8844358))",0.022603302825476443,OSM
79,,1041464495,way,33.8247936,35.9322023,"[9588053179, 9588053178, 9588053177, 9588053176, 9588053175, 9588053174, 9588053173, 9588053172, 9588053171, 9588053170, 9588053169, 9588053168, 9588053167, 9588053179]","POLYGON ((35.9313869 33.8249006, 35.9316418 33.8247089, 35.9326959 33.8242232, 35.9327549 33.8242744, 35.9325939 33.824446, 35.9325322 33.8245129, 35.932543 33.8245931, 35.9326798 33.8246889, 35.9328756 33.8247268, 35.9330177 33.8247468, 35.9329775 33.8249407, 35.9326878 33.8249385, 35.9322211 33.825364, 35.9313869 33.8249006))",0.012343908806449167,OSM
80,,1041464496,way,33.8133749,35.9495127,"[9588053184, 9588053183, 9588053182, 9588053181, 9588053184]","POLYGON ((35.9478758 33.8147771, 35.9506559 33.811655, 35.9511495 33.8119714, 35.9482634 33.8150947, 35.9478758 33.8147771))",0.0339155715926192,OSM
81,,1041464497,way,33.8226829,35.9427481,"[9588053190, 9588053189, 9588053188, 9588053187, 9588053186, 9588053185, 9588053190]","POLYGON ((35.9419481 33.822708, 35.9425583 33.8231146, 35.9431002 33.8227481, 35.9435481 33.8223069, 35.9429419 33.8222512, 35.9426871 33.8222891, 35.9419481 33.822708))",0.010301548832270205,OSM
82,,1041464498,way,33.8261996,35.9450487,"[9588053195, 9588053194, 9588053193, 9588053192, 9588053191, 9588053195]","POLYGON ((35.9441569 33.8263801, 35.9446156 33.8269193, 35.9459406 33.8261372, 35.9458601 33.8257941, 35.9456778 33.8254799, 35.9441569 33.8263801))",0.01750292789020204,OSM
83,,1041468833,way,33.7991674,35.9433858,"[9588095885, 9588095884, 9588095883, 9588095882, 9588095881, 9588095880, 9588095879, 9588095878, 9588095885]","POLYGON ((35.9446907 33.7992187, 35.9438297 33.8000768, 35.9420809 33.7987862, 35.9421775 33.798735, 35.9423746 33.7987979, 35.9427575 33.7989568, 35.9434415 33.798258, 35.9438699 33.7985455, 35.9446907 33.7992187))",0.030570929072958466,OSM
84,Zahle Maallaqa Aradi,1041468834,way,33.8060851,35.9385259,"[9588095897, 9588095896, 9588095895, 9588095894, 9629513904, 9629513903, 9588095893, 9588095892, 9665386829, 9665386828, 9588095891, 9588095890, 9588095897]","POLYGON ((35.9379584 33.8064177, 35.9383969 33.8059842, 35.9381032 33.8057713, 35.9383339 33.805544, 35.9384281 33.8056127, 35.938549 33.805701, 35.9387416 33.8058416, 35.9388864 33.8057067, 35.9389042 33.8056912, 35.9390933 33.8058417, 35.9390755 33.8058572, 35.9382266 33.8066261, 35.9379584 33.8064177))",0.007529384304277865,OSM
85,Zahle Maallaqa Aradi,1041468835,way,33.8052459,35.9399647,"[9588095903, 9588095902, 9588095901, 9588095898, 9588095900, 9588095899, 9588095903]","POLYGON ((35.9386182 33.8063163, 35.938873 33.8065124, 35.9413111 33.8042948, 35.9407988 33.8039794, 35.9396937 33.8049746, 35.9398171 33.8051796, 35.9386182 33.8063163))",0.0220304672748625,OSM
86,Zahle Maallaqa Aradi,1041468836,way,33.8089127,35.9388127,"[9588095911, 9588095910, 9588095909, 9588095908, 9588095907, 9588095906, 9588095905, 9588095904, 9588095911]","POLYGON ((35.9375104 33.8098097, 35.9380764 33.8101797, 35.938983 33.8091679, 35.9391332 33.8092548, 35.9396173 33.8087366, 35.9395784 33.8087132, 35.9401149 33.808107, 35.9394148 33.8076457, 35.9375104 33.8098097))",0.032855255454778014,OSM
87,,1041476741,way,33.8126712,35.8972438,"[9588239855, 9588239854, 9588239853, 9588239852, 9588239851, 9588239850, 9588239855]","POLYGON ((35.8965585 33.8128071, 35.8974141 33.8134289, 35.8979291 33.8128339, 35.8975589 33.8119135, 35.8967409 33.8125241, 35.8968052 33.8125798, 35.8965585 33.8128071))",0.016202203881482864,OSM
88,,1041476742,way,33.8198257,35.9027423,"[9588239874, 9588239873, 9588239872, 9588239871, 9588239870, 9588239869, 9588239868, 9588239867, 9588239866, 9588239865, 9588239864, 9588239874]","POLYGON ((35.9017566 33.8203237, 35.902521 33.8209276, 35.9028429 33.8205599, 35.9027356 33.8204841, 35.9028563 33.820366, 35.9027249 33.8202992, 35.9029877 33.8200206, 35.9028053 33.8199003, 35.9036261 33.8191694, 35.903728 33.8190535, 35.9035322 33.8187237, 35.9017566 33.8203237))",0.019532022193738032,OSM
89,,1041476743,way,33.8233742,35.9176366,"[9588239880, 9588239879, 9588239878, 9588239877, 9588239876, 9588239875, 9588239880]","POLYGON ((35.9174904 33.822933, 35.9170747 33.8234723, 35.9180805 33.8238154, 35.9181315 33.8237241, 35.9179813 33.8236617, 35.9181985 33.823294, 35.9174904 33.822933))",0.0077856300005878405,OSM
90,,1041476744,way,33.8191638,35.9255813,"[9588239884, 9588239883, 9588239882, 9588239881, 9588239884]","POLYGON ((35.9260815 33.8197198, 35.9264758 33.8192095, 35.9254056 33.8186078, 35.9246868 33.8190201, 35.9260815 33.8197198))",0.013881789367844333,OSM
91,,1041476937,way,34.5865958,36.0486102,"[9588233348, 9588233347, 9588233346, 9588233345, 9588233344, 9588233343, 9588233348]","POLYGON ((36.0477921 34.5873107, 36.0476875 34.5858809, 36.0494551 34.5863999, 36.0495329 34.5867222, 36.0491869 34.5869966, 36.049201 34.5872224, 36.0477921 34.5873107))",0.02764569115476395,OSM
92,,1041482726,way,34.5846281,36.0200439,"[9588262558, 9594078074, 9594078073, 9594078072, 9594078071, 9594078070, 9594078069, 9594078068, 9594078067, 9594078066, 9588262557, 9588262556, 9588262555, 9588262554, 9588262553, 9588262552, 9588262551, 9588262550, 9588262549, 9588262548, 9588262547, 9588262546, 9588262545, 9588262544, 9588262543, 9588262542, 9594078075, 9594078076, 9594078077, 9588262584, 9588262583, 9588262582, 9665432250, 9665432251, 9588262581, 9588262580, 9588262579, 9588262578, 9588262558]","POLYGON ((36.0209358 34.5856768, 36.0210191 34.5855654, 36.0208885 34.5854579, 36.0207917 34.5855342, 36.0204631 34.585288, 36.0207411 34.5849724, 36.0208464 34.5850417, 36.0209602 34.5849446, 36.0212382 34.5850938, 36.021175 34.5851735, 36.0213105 34.5852822, 36.0214099 34.5852107, 36.0215306 34.5850451, 36.0211042 34.5848375, 36.0213482 34.5845174, 36.020667 34.584227, 36.0199629 34.5838648, 36.0197738 34.5840514, 36.0196745 34.5839896, 36.0195968 34.5840558, 36.0194439 34.5839476, 36.0193929 34.5839774, 36.0191488 34.583835, 36.0192387 34.5837599, 36.0190731 34.5836081, 36.0189716 34.5835177, 36.018774 34.5833564, 36.018595 34.5834916, 36.0186751 34.5835783, 36.0185572 34.5836442, 36.0202566 34.5852516, 36.0201932 34.5852952, 36.0202606 34.5853532, 36.0202475 34.5853656, 36.0206247 34.5856552, 36.0205432 34.5857327, 36.0207412 34.5858998, 36.0207823 34.5858776, 36.0209358 34.5856768))",0.03314725217066338,OSM
93,,1041482727,way,33.8093595,35.8952576,"[9588278688, 9588278687, 9588278686, 9588278685, 9588278688]","POLYGON ((35.8942759 33.8099256, 35.8951825 33.8103201, 35.8962393 33.8088915, 35.8953676 33.808399, 35.8942759 33.8099256))",0.026699784364489082,OSM
94,,1041482728,way,33.8053189,35.8878627,"[9588278692, 9588278691, 9588278690, 9588278689, 9588278692]","POLYGON ((35.8869642 33.80607, 35.8874524 33.8065202, 35.8887613 33.8046213, 35.8882865 33.8041176, 35.8869642 33.80607))",0.023185492187010007,OSM
95,,1041482729,way,33.8042747,35.8751705,"[9588278703, 9588278702, 9588278701, 9588278700, 9588278699, 9588278698, 9588278697, 9588278696, 9588278695, 9588278694, 9588278693, 9588278703]","POLYGON ((35.874441 33.8043984, 35.8749264 33.8045478, 35.8749935 33.8045767, 35.8753824 33.8046235, 35.8754602 33.8045166, 35.875833 33.8045411, 35.8759001 33.8044631, 35.8756909 33.8040374, 35.875538 33.8041355, 35.8754656 33.8042714, 35.8747253 33.8039259, 35.874441 33.8043984))",0.00859768616945002,OSM
96,,1041482730,way,33.7850328,35.8608911,"[9588278714, 9588278713, 9588278712, 9588278710, 9588278709, 9588278708, 9588278707, 9588278706, 9588278705, 9588278704, 9588278714]","POLYGON ((35.8598283 33.7860516, 35.8600268 33.7862054, 35.8610433 33.7853605, 35.8614819 33.7850417, 35.8613679 33.7847675, 35.8619539 33.7842369, 35.8615959 33.7838602, 35.8607268 33.7846181, 35.8610044 33.7850105, 35.8602668 33.7855946, 35.8598283 33.7860516))",0.017794550407808307,OSM
97,,1041486469,way,34.5708285,36.0184108,"[9588225315, 9588225314, 9588225313, 9651772873, 9588225312, 9651772874, 9588225311, 9588225315]","POLYGON ((36.0177755 34.571205, 36.0178775 34.570538, 36.018662 34.5704519, 36.0188022 34.5704541, 36.0190462 34.5705259, 36.0190435 34.5706822, 36.0189405 34.5711727, 36.0177755 34.571205))",0.012369324818865936,OSM
98,,1041486470,way,34.5626971,36.0177782,"[9588313022, 9588313021, 9588313020, 9588313019, 9588313018, 9588313017, 9588225316, 9588313022]","POLYGON ((36.0164425 34.5630704, 36.0188954 34.5629014, 36.019114 34.5625204, 36.0187411 34.5624056, 36.0178399 34.5623901, 36.0172713 34.5623238, 36.016468 34.5625381, 36.0164425 34.5630704))",0.022163582077922975,OSM
99,,1041490546,way,34.541914,36.0094108,"[9588337430, 9588337429, 9588337428, 9588337427, 9588337426, 9588337418, 9588337425, 9588337424, 9588337423, 9588337422, 9588337421, 9588337420, 9588337419, 9588337430]","POLYGON ((36.0087238 34.5415638, 36.0089283 34.5417814, 36.0088532 34.5419284, 36.0099877 34.5424652, 36.0100441 34.5423934, 36.0100655 34.5421902, 36.0100977 34.5418654, 36.0097061 34.5418102, 36.0092837 34.5416301, 36.0093132 34.5415826, 36.0091871 34.5415307, 36.0092193 34.5414688, 36.0090047 34.5413628, 36.0087238 34.5415638))",0.010299306821693032,OSM
100,,1041528817,way,33.8413823,36.022397,"[9588644440, 9588644439, 9588644438, 9588644437, 9588644436, 9588644435, 9588644434, 9588644433, 9588644432, 9588644431, 9588644430, 9588644429, 9588644428, 9588644427, 9588644426, 9588644425, 9588644424, 9588644423, 9588644422, 9588644421, 9588644420, 9588644419, 9588644418, 9588644417, 9588641016, 9588641015, 9588641014, 9588641013, 9588641012, 9588641011, 9588641010, 9588641009, 9588641008, 9588641007, 9588641006, 9588641005, 9588641004, 9588641003, 9588641002, 9588641001, 9588641000, 9588644440]","POLYGON ((36.0230809 33.8431567, 36.0230648 33.8419626, 36.022971 33.841878, 36.0214689 33.8420361, 36.0216486 33.842778, 36.0221288 33.8428047, 36.0222065 33.8432414, 36.022338 33.8434396, 36.0223299 33.8436602, 36.0224265 33.8438852, 36.0222548 33.8439364, 36.0221422 33.84358, 36.0218874 33.8429718, 36.021713 33.8429696, 36.0213268 33.8425062, 36.0212405 33.842094, 36.0207796 33.8421319, 36.0206884 33.8418913, 36.0208359 33.8418401, 36.0215896 33.8418334, 36.0229978 33.8416886, 36.0230488 33.8412364, 36.0228583 33.8411495, 36.0227698 33.8404188, 36.0227832 33.8396346, 36.0227269 33.8392269, 36.0230005 33.8388303, 36.0234672 33.8388281, 36.0234001 33.8392269, 36.0233894 33.8394764, 36.023486 33.8397705, 36.0233706 33.8402294, 36.0233787 33.8408955, 36.023663 33.8409445, 36.0236791 33.8413544, 36.0235584 33.8419715, 36.0235316 33.8425017, 36.0235798 33.8428203, 36.0234779 33.8430119, 36.0241055 33.8430832, 36.0240573 33.8432302, 36.0230809 33.8431567))",0.053233586433090244,OSM
101,,1041528818,way,33.8623021,36.0541073,"[9588644456, 9588644455, 9588644454, 9588644453, 9588644452, 9588644451, 9588644450, 9588644449, 9588644448, 9588644447, 9588644446, 9588644445, 9588644444, 9588644443, 9588644442, 9588644456]","POLYGON ((36.0553358 33.8612764, 36.0550784 33.8612753, 36.0546398 33.8616584, 36.0541087 33.8620415, 36.0533416 33.8624513, 36.0528105 33.86287, 36.0533577 33.8633288, 36.0539639 33.8629101, 36.054436 33.8626428, 36.05479 33.862429, 36.055246 33.8622776, 36.0553104 33.8622018, 36.0549456 33.8618989, 36.0553908 33.8614847, 36.0554042 33.8613945, 36.0553358 33.8612764))",0.027689149822083738,OSM
102,,1041530945,way,33.8238929,35.9974813,"[9588619094, 9588619093, 9588619092, 9588619091, 9588619090, 9588619089, 9588619094]","POLYGON ((35.9983443 33.823714, 35.9975973 33.8232171, 35.9966183 33.8241875, 35.9972057 33.8245686, 35.9978427 33.8241641, 35.9981029 33.8239513, 35.9983443 33.823714))",0.016717497399474823,OSM
103,,1041530946,way,33.8224127,35.9988686,"[9588619101, 9588619100, 9588619099, 9588619098, 9588619097, 9588619096, 9588619095, 9588619101]","POLYGON ((35.9976214 33.8232027, 35.9999174 33.8211259, 36.0001159 33.8212952, 35.9993809 33.8220395, 35.9993702 33.8222623, 35.9996411 33.8226389, 35.998359 33.8236996, 35.9976214 33.8232027))",0.029593838589373665,OSM
104,,1041536961,way,33.8156975,35.9506191,"[9588702643, 9588702642, 9588702641, 9588702640, 9588702639, 9588702638, 9588702637, 9588702636, 9588702635, 9588702632, 9588702634, 9588702633, 9588702643]","POLYGON ((35.9514539 33.8142445, 35.9509912 33.8146724, 35.9512246 33.8149588, 35.9494489 33.8164942, 35.9499787 33.8171505, 35.9517583 33.8156295, 35.9515116 33.8153332, 35.9516805 33.8152206, 35.9517892 33.8150312, 35.9516095 33.8147526, 35.9514002 33.8145075, 35.9515706 33.8143426, 35.9514539 33.8142445))",0.03549298913236389,OSM
105,,1041536962,way,33.8180679,35.9520682,"[9588702659, 9588702658, 9588702657, 9588702656, 9588702655, 9588702654, 9588702653, 9588702652, 9588702651, 9588702650, 9588702649, 9588702648, 9588702647, 9588702646, 9588702644, 9588702645, 9588702659]","POLYGON ((35.9523028 33.8164908, 35.9526461 33.8169989, 35.9518146 33.8177432, 35.9517878 33.8178769, 35.951246 33.8182869, 35.9509081 33.8185811, 35.9512514 33.8188842, 35.9514767 33.8192296, 35.9518576 33.8197309, 35.9532282 33.8192474, 35.9529492 33.8184786, 35.953192 33.8182719, 35.9526502 33.8176285, 35.9530297 33.8172953, 35.9528634 33.8169499, 35.9524839 33.816405, 35.9523028 33.8164908))",0.053736017365374866,OSM
106,,1041536963,way,33.8131782,35.9592229,"[9588702676, 9588702675, 9588702674, 9588702673, 9588702672, 9588702671, 9588702670, 9588702669, 9588702668, 9588702667, 9588702666, 9588702665, 9588702676]","POLYGON ((35.9575438 33.8132216, 35.9589386 33.8116639, 35.959636 33.8121586, 35.9597379 33.8119915, 35.960902 33.812669, 35.9602046 33.8138434, 35.9603682 33.8139727, 35.9601912 33.8142044, 35.9596467 33.8139727, 35.9594831 33.8146925, 35.9593363 33.8146493, 35.9593919 33.8143983, 35.9575438 33.8132216))",0.07608618187824584,OSM
107,,1041539227,way,33.7980106,35.9655286,"[9588703376, 9588703375, 9588703374, 9588703373, 9588703372, 9588703371, 9588703376]","POLYGON ((35.962919 33.7978947, 35.9673983 33.8003866, 35.9681382 33.7986693, 35.9661967 33.797654, 35.9665185 33.7970031, 35.9639543 33.7956345, 35.962919 33.7978947))",0.16850530369850583,OSM
108,,1041542273,way,33.7521727,35.9135435,"[9588667809, 9588667808, 9588667807, 9588667806, 9588667805, 9588667804, 9588667803, 9588667802, 9588667801, 9588667800, 9588667799, 9588667809]","POLYGON ((35.9129897 33.7520757, 35.9132954 33.7525284, 35.913679 33.7529856, 35.9140974 33.7527893, 35.9139311 33.7523099, 35.9138104 33.752156, 35.9139633 33.7520378, 35.9136549 33.7516051, 35.9132954 33.7513598, 35.9130809 33.7515873, 35.9132874 33.7518906, 35.9129897 33.7520757))",0.014225837452764354,OSM
109,,1042053849,way,34.5473195,36.0519824,"[9592919888, 9592919887, 9592919886, 9592919885, 9592919884, 9592919883, 9592919888]","POLYGON ((36.0518745 34.5478967, 36.0512307 34.5477311, 36.0514775 34.5468054, 36.0525718 34.5467424, 36.0527341 34.5474239, 36.0520354 34.5474389, 36.0518745 34.5478967))",0.016558314350149834,OSM
110,,1042054252,way,34.1980821,36.4287302,"[9592955443, 9592955442, 9592955441, 9592955440, 9592955439, 9592955438, 9592955437, 9592955443]","POLYGON ((36.4280328 34.1982286, 36.4290065 34.1986767, 36.4291728 34.1983195, 36.4294276 34.1976495, 36.4287329 34.1974876, 36.4286658 34.1976207, 36.4282849 34.1975453, 36.4280328 34.1982286))",0.015531016453073343,OSM
111,,1042059247,way,34.0642566,36.1922881,"[9592986360, 9592986359, 9592986358, 9592986357, 9592986356, 9592986355, 9592986354, 9592986353, 9592986352, 9592986351, 9592986350, 9592986349, 9592986348, 9592986360]","POLYGON ((36.1899894 34.0640411, 36.190381 34.06453, 36.190955 34.0645922, 36.1910194 34.0650188, 36.191631 34.0650988, 36.192323 34.0648988, 36.1924571 34.0650632, 36.1927789 34.0649477, 36.1925965 34.0646988, 36.1940235 34.0644722, 36.1944848 34.0643744, 36.1945867 34.0642456, 36.1935461 34.0634145, 36.1899894 34.0640411))",0.06487323924331392,OSM
112,,1042060042,way,34.0178537,36.1295968,"[9592982708, 9592982707, 9592982706, 9592982705, 9592982708]","POLYGON ((36.1284596 34.0175669, 36.1291408 34.018723, 36.1307341 34.0181805, 36.1301923 34.0169844, 36.1284596 34.0175669))",0.03438380668593442,OSM
113,,1042060625,way,33.9773421,36.1315977,"[9593001744, 9593001743, 9593001742, 9593001741, 9593001740, 9593001739, 9593001744]","POLYGON ((36.1309487 33.9783319, 36.1303103 33.9776246, 36.1317158 33.9768372, 36.1318445 33.9764591, 36.132115 33.9763523, 36.1328852 33.9773354, 36.1309487 33.9783319))",0.03348328292184048,OSM
114,,1042062345,way,33.9640812,36.1194165,"[9593023729, 9593023728, 9593023727, 9593023726, 9593023725, 9593023724, 9593023723, 9593023722, 9593023721, 9593023720, 9593023719, 9593023729]","POLYGON ((36.1198577 33.965377, 36.1180311 33.9638176, 36.1185005 33.9636129, 36.1184657 33.9630768, 36.1190611 33.9627854, 36.1194634 33.9633615, 36.1193213 33.9634216, 36.1207187 33.9649922, 36.1208019 33.965248, 36.1202896 33.9653659, 36.120189 33.9652202, 36.1198577 33.965377))",0.04440743525116272,OSM
115,,1042199427,way,34.5868692,36.0213139,"[9594078065, 9594078064, 9594078063, 9594078062, 9594078061, 9594078060, 9594078059, 9594078058, 9594078057, 9594078056, 9594078065]","POLYGON ((36.0206527 34.5872195, 36.0214488 34.5869837, 36.0215456 34.5869768, 36.0220595 34.5867444, 36.0216172 34.586519, 36.0212045 34.5868623, 36.021057 34.5868866, 36.0209265 34.5870184, 36.0206948 34.587053, 36.0205684 34.5871051, 36.0206527 34.5872195))",0.004787190569828379,OSM
116,,1042353891,way,33.6335326,35.7339405,"[9595198809, 9595198810, 9595198811, 9595198812, 9595198813, 6694876223, 9595198814, 9595198815, 6694876245, 6694876241, 6694876240, 9595198816, 6694876232, 9595217517, 6694876236, 9558964304, 9595217518, 9595217519, 9595217520, 9595198788, 9595198787, 9595198786, 9595198785, 9595198784, 9595198783, 9595198782, 6349755621, 6694797991, 6694797992, 6694797993, 9595198809]","POLYGON ((35.7324423 33.6332075, 35.7329464 33.6329604, 35.7328895 33.6328927, 35.733292 33.6326625, 35.7332391 33.6327606, 35.7331441 33.632866, 35.7333123 33.6330044, 35.7336344 33.6335048, 35.7339221 33.6333943, 35.7341896 33.6337688, 35.7342708 33.6338052, 35.7344565 33.6338264, 35.7346971 33.6338459, 35.7348581 33.6338242, 35.7349969 33.63377, 35.7350646 33.6335889, 35.7354386 33.6336373, 35.7353816 33.6338946, 35.7353044 33.6341112, 35.7348528 33.6343909, 35.7344564 33.6343732, 35.7341167 33.6343732, 35.7337061 33.6344027, 35.7335292 33.6342907, 35.7334159 33.6340726, 35.7334159 33.6339194, 35.7332161 33.633637, 35.7330535 33.6336624, 35.7329092 33.6336726, 35.732785 33.6336814, 35.7324423 33.6332075))",0.02907194184699881,OSM
117,,1042638268,way,33.266075,35.6090733,"[9597395259, 9597395258, 9597395257, 9629649924, 9597395256, 9597395255, 9597395254, 9597395253, 9597395252, 9597395251, 9597395250, 9597395249, 9597395248, 9597395247, 9597395246, 9597395245, 9597395244, 9597395243, 9597395242, 9597395241, 9597395240, 9597395239, 9597395238, 9597395237, 9597395236, 9597395235, 9597395234, 9597395259]","POLYGON ((35.6100798 33.2669272, 35.6098223 33.267138, 35.6097284 33.2670797, 35.6096318 33.266898, 35.6095299 33.2667478, 35.6095004 33.2664876, 35.6094414 33.2662364, 35.6093127 33.266001, 35.6091383 33.2657722, 35.6089935 33.2657273, 35.6087655 33.2656107, 35.6086287 33.2655322, 35.6083095 33.2655457, 35.6081137 33.2655479, 35.6080667 33.2654773, 35.6082934 33.2653371, 35.6086448 33.2651958, 35.6088299 33.2650702, 35.6090283 33.2650119, 35.6090927 33.2652003, 35.6091893 33.2655233, 35.6093878 33.2657587, 35.6096747 33.265983, 35.6097499 33.2661804, 35.6097445 33.2663217, 35.6099591 33.2665728, 35.6100503 33.2668061, 35.6100798 33.2669272))",0.013880192296646953,OSM
118,,1042638497,way,33.3641618,35.606086,"[9597416468, 9597416467, 9597416466, 9597416465, 9597416464, 9597416463, 9597416462, 9597416461, 9597416460, 9597416459, 9597416458, 9597416457, 9597416456, 9661496855, 9597416455, 9661451403, 9661451402, 9597416454, 9597416453, 9597416452, 9597416451, 9597416450, 9597416449, 9597416448, 9597416468]","POLYGON ((35.6049138 33.3649794, 35.6048065 33.3648585, 35.6049192 33.3641775, 35.6049031 33.3635009, 35.6051606 33.3629588, 35.6052786 33.3629454, 35.6052464 33.363268, 35.6054825 33.3632859, 35.6062013 33.3633172, 35.6072795 33.3633576, 35.6073654 33.3634382, 35.6073385 33.36394, 35.607242 33.3642268, 35.6072535 33.3648167, 35.6072581 33.3650511, 35.6071628 33.3652076, 35.6071442 33.3652382, 35.6070971 33.3653155, 35.6068236 33.3653782, 35.6064641 33.3653065, 35.6062281 33.3648764, 35.6061315 33.3645941, 35.605858 33.36463, 35.6059062 33.3649436, 35.6049138 33.3649794))",0.06250739669659806,OSM
119,,1042639002,way,33.5346055,35.3677315,"[9597415245, 9597415244, 9597415243, 9597415242, 9597415241, 9597415240, 9697090727, 9597415239, 9597415238, 9597415237, 9597415236, 9597415235, 9597415245]","POLYGON ((35.3670327 33.5348318, 35.3675141 33.5345793, 35.3675866 33.5347111, 35.3681338 33.5344707, 35.3684771 33.534549, 35.3685147 33.5344484, 35.3683631 33.5344071, 35.3682142 33.5343791, 35.3676899 33.5344227, 35.3673908 33.5345021, 35.3670301 33.5346821, 35.3669482 33.5347525, 35.3670327 33.5348318))",0.003364234637756842,OSM
120,,1042639583,way,33.6192932,35.4559319,"[9597407877, 9597407876, 9597407875, 9597407874, 9597407873, 9597407872, 9597407871, 9597407870, 9597407869, 9597407868, 9597407877]","POLYGON ((35.455673 33.6196673, 35.4563302 33.619435, 35.456188 33.6192273, 35.4561076 33.6192317, 35.4558769 33.618928, 35.4558313 33.618919, 35.4556221 33.6190687, 35.4557589 33.6192005, 35.455614 33.619473, 35.4555336 33.6195668, 35.455673 33.6196673))",0.004417657063971917,OSM
121,,1042640571,way,33.7491141,35.8749037,"[9597356505, 9597356504, 9597356503, 9597356502, 9597356501, 9597356500, 9597356499, 9597356498, 9597356497, 9597356496, 9597356495, 9597356494, 9597356493, 9597356490, 9597356486, 9597356492, 9597356487, 9597356489, 9597356488, 9597356491, 9597356505]","POLYGON ((35.8754146 33.7506908, 35.8755541 33.7506016, 35.8755078 33.7505191, 35.8759752 33.7501957, 35.8758008 33.7495958, 35.8758008 33.7493995, 35.8756399 33.7487171, 35.8752725 33.7475373, 35.8750015 33.747622, 35.8745161 33.7479477, 35.8738884 33.7484272, 35.8738321 33.7485766, 35.8739555 33.7487884, 35.8741862 33.7489669, 35.8752269 33.7482643, 35.8752885 33.7482777, 35.8754039 33.748474, 35.8753502 33.7485297, 35.8743229 33.7492122, 35.8746985 33.7497898, 35.8754146 33.7506908))",0.04636571472534988,OSM
122,,1042640982,way,33.7531244,35.8784911,"[9597417693, 9597417692, 9597417691, 9597417690, 9597417689, 9597417688, 9597417687, 9597417686, 9597417685, 9597417684, 9597417683, 9597417693]","POLYGON ((35.8786332 33.7537405, 35.8788612 33.7535721, 35.8787674 33.7534561, 35.8792099 33.7531439, 35.8789471 33.7529677, 35.8786306 33.7527581, 35.8783677 33.7526399, 35.8780915 33.7525083, 35.8777723 33.7527559, 35.8780807 33.7530146, 35.8780271 33.7531573, 35.8786332 33.7537405))",0.012060182619442916,OSM
123,,1042641472,way,33.765937,35.8790664,"[9597440625, 9597440624, 9597440623, 9597440622, 9597440625]","POLYGON ((35.8796364 33.7665814, 35.8800495 33.7659303, 35.8785689 33.7652926, 35.8780834 33.7659326, 35.8796364 33.7665814))",0.018904209646156325,OSM
124,,1042642208,way,34.0827103,35.8313459,"[9597449720, 9597449719, 9597449718, 9597449717, 9597444116, 9597444115, 9597444114, 9597444113, 9597444112, 9597449720]","POLYGON ((35.8315685 34.083399, 35.8316597 34.0833634, 35.8316034 34.0827814, 35.8316571 34.0820217, 35.8313084 34.0820217, 35.8311072 34.0824082, 35.8310348 34.0825348, 35.8310321 34.0827081, 35.8313566 34.0833568, 35.8315685 34.083399))",0.009389152190180598,OSM
125,,1042642798,way,34.4923785,35.9832917,"[9597448595, 9597448594, 9597448593, 9597448592, 9597448591, 9597448590, 9597448589, 9597448588, 9597448587, 9597448586, 9597448585, 9597448584, 9597448583, 9597448595]","POLYGON ((35.9824696 34.4931036, 35.9827673 34.4930881, 35.9829846 34.4929489, 35.9830597 34.492845, 35.9836927 34.4925134, 35.9840146 34.492268, 35.9841138 34.4918347, 35.9838805 34.4918015, 35.9835586 34.4917573, 35.9828156 34.4916534, 35.9826493 34.4917021, 35.9825984 34.4918214, 35.9825233 34.492268, 35.9824696 34.4931036))",0.023058177106988095,OSM
126,,1042645971,way,33.634647,35.7832384,"[9597470011, 9665408389, 9597470010, 9597470009, 9597470008, 9597470007, 9597470006, 9597470005, 9629653202, 9597470004, 9597470003, 9629702968, 9597470002, 9629702971, 9597470001, 9597470000, 9597469999, 9597470011]","POLYGON ((35.7834805 33.6336393, 35.7835074 33.6338503, 35.7836817 33.6339598, 35.7842825 33.6346733, 35.7840545 33.6348051, 35.7838372 33.6348966, 35.7834953 33.6349938, 35.7832486 33.6351671, 35.7827606 33.6355111, 35.7825578 33.6356548, 35.7821944 33.6353723, 35.7825554 33.6346408, 35.78259 33.6345784, 35.782645 33.6345108, 35.782932 33.6341329, 35.7831774 33.6338883, 35.7833974 33.6336449, 35.7834805 33.6336393))",0.027871424470028636,OSM
127,,1042649890,way,33.6642614,35.8199968,"[9597478259, 9597478258, 9597478257, 9597478256, 9629583679, 9597478252, 9597478254, 9597478253, 9597478259]","POLYGON ((35.821234 33.6652109, 35.8214231 33.6649319, 35.8209108 33.6646048, 35.8202255 33.6641996, 35.8195187 33.6637476, 35.8187985 33.6633118, 35.8185705 33.6635924, 35.8202328 33.664635, 35.821234 33.6652109))",0.01680512457683211,OSM
128,,1042651883,way,33.6764725,35.8264562,"[9597472877, 9597472876, 9597472875, 9597472874, 9597472873, 9597472872, 9597472871, 9597472870, 9597472869, 9597472868, 9597472877]","POLYGON ((35.8270866 33.6782068, 35.8274567 33.677814, 35.8279556 33.6772694, 35.827446 33.676314, 35.8263798 33.6747851, 35.8261062 33.6749201, 35.8259533 33.6747382, 35.8257347 33.6748498, 35.8254504 33.6747694, 35.8249569 33.675265, 35.8270866 33.6782068))",0.07054318380598026,OSM
129,,1042651884,way,33.6751756,35.8219042,"[9597472893, 9597472892, 9597472878, 9597472879, 9597472880, 9597472881, 9597472891, 9597472883, 9597472890, 9597472889, 9597472888, 9597472887, 9597472886, 9597472885, 9597472884, 9597472882, 9597472893]","POLYGON ((35.8212259 33.6764993, 35.8220708 33.6762917, 35.8224651 33.6761578, 35.8228138 33.6759658, 35.8234414 33.6753118, 35.8234481 33.6750998, 35.82158 33.6755775, 35.8215237 33.6754123, 35.8222961 33.6752159, 35.8234602 33.6749234, 35.8233663 33.6746243, 35.8231062 33.6739659, 35.8221808 33.6742248, 35.8219126 33.673852, 35.8203482 33.6741957, 35.8209577 33.6758498, 35.8212259 33.6764993))",0.07822605539101916,OSM
130,,1042651885,way,33.6754837,35.8202443,"[9597472905, 9597472904, 9597472903, 9597472902, 9597472901, 9597472900, 9597472899, 9597472898, 9597472897, 9597472896, 9597472895, 9597472894, 9597472905]","POLYGON ((35.8208746 33.6758944, 35.8204186 33.6759882, 35.8203059 33.6756489, 35.8198124 33.6756757, 35.8196139 33.6754525, 35.8196676 33.67539, 35.820204 33.6752069, 35.8201986 33.6751266, 35.820542 33.6749792, 35.8207136 33.6753632, 35.820782 33.6754413, 35.820841 33.6756377, 35.8208746 33.6758944))",0.009617481618641234,OSM
131,,1042652467,way,33.7054842,35.850273,"[9692839593, 9692839587, 9692839580, 9692839591, 9692839594, 9692839597, 9692839600, 9597507615, 9692839588, 9597507614, 9692839596, 9692839579, 9597507613, 9692839589, 9597507612, 9644586549, 9644586545, 9597507611, 9597507610, 9644586540, 9644586541, 9644586554, 9644586555, 9692839599, 9692839586, 9692839585, 9692839607, 9692839584, 9692839583, 9692839595, 9692839590, 9692839592, 9692839598, 9692839593]","POLYGON ((35.851473 33.7055471, 35.851451 33.7054847, 35.8513317 33.7051545, 35.8511736 33.7048344, 35.8510572 33.70486, 35.8509009 33.7048953, 35.8505381 33.7049834, 35.8498162 33.7051891, 35.8496835 33.7052141, 35.8496574 33.7052259, 35.8494856 33.7054186, 35.8494475 33.7054652, 35.849416 33.7055204, 35.8493659 33.7055571, 35.8494395 33.7058418, 35.8492774 33.7058976, 35.8491885 33.705929, 35.849073 33.7059547, 35.8491531 33.7061341, 35.8492094 33.7061308, 35.8492723 33.7061141, 35.84941 33.70608, 35.8495786 33.7060355, 35.8496599 33.706014, 35.8497598 33.705988, 35.8498746 33.7059606, 35.8499866 33.7059344, 35.8502123 33.7058704, 35.8503256 33.7058405, 35.8504161 33.705818, 35.8505321 33.7057889, 35.8507246 33.7057397, 35.8510746 33.7056508, 35.851473 33.7055471))",0.02335686096639158,OSM
132,,1042653106,way,33.7451804,35.863576,"[9597512641, 9597512640, 9597512639, 9597512638, 9597512641]","POLYGON ((35.8624287 33.7462672, 35.8651069 33.7445153, 35.8647367 33.7440937, 35.8620452 33.7458947, 35.8624287 33.7462672))",0.02586365209761379,OSM
133,,1042654226,way,33.7625956,35.8897832,"[9597512186, 9695759803, 9597512185, 9597512184, 9597512183, 9597512182, 9597512181, 9597512180, 9597512179, 9597512178, 9597512177, 9597512176, 9597512175, 9597512174, 9597512166, 9597512167, 9597512173, 9597512172, 9597512168, 9597512171, 9597512170, 9597512169, 9597512186]","POLYGON ((35.8899575 33.7634107, 35.8900876 33.7632925, 35.8902553 33.7629848, 35.8906201 33.7626124, 35.8904377 33.7624964, 35.8909553 33.7618988, 35.8907971 33.7618252, 35.8894372 33.7617806, 35.8888552 33.7617806, 35.8887935 33.7619256, 35.8886191 33.7620973, 35.8888283 33.7622824, 35.8886111 33.7624942, 35.8888176 33.7626748, 35.8889759 33.7625722, 35.8891985 33.7627105, 35.8893165 33.7626347, 35.8894855 33.7627373, 35.8896142 33.762764, 35.8897966 33.7628621, 35.8898261 33.7629424, 35.8895954 33.7631788, 35.8899575 33.7634107))",0.031189454873171797,OSM
134,,1042654227,way,33.7647999,35.8888444,"[9597512201, 9597512200, 9597512199, 9697263465, 9597512198, 9597512197, 9597512196, 9597512195, 9597512194, 9597512193, 9697263444, 9697263443, 9597512192, 9597512191, 9597512190, 9597512189, 9597512187, 9597512201]","POLYGON ((35.887801 33.7653417, 35.8881175 33.7650206, 35.8885574 33.7645523, 35.8886761 33.7644659, 35.8887801 33.7643767, 35.8892173 33.7639503, 35.8898878 33.7643784, 35.8895928 33.7646683, 35.8897698 33.7648199, 35.889228 33.7654576, 35.8891194 33.7653952, 35.8890751 33.7654426, 35.889004 33.7654002, 35.8887881 33.7655959, 35.8886164 33.7656494, 35.8881363 33.765364, 35.8880033 33.7654884, 35.887801 33.7653417))",0.026147521083960745,OSM
135,Nahr el Bared Refugee Camp,4265333,,34.512557,35.963348,,"POLYGON ((35.9530162 34.5088906, 35.952394 34.5095537, 35.9541106 34.5118611, 35.9544002 34.5121706, 35.9547327 34.5124222, 35.9550438 34.5129351, 35.955827 34.5133949, 35.9568462 34.5138985, 35.9576402 34.514049, 35.9582946 34.5143143, 35.9588525 34.5146766, 35.9592066 34.5149861, 35.9594963 34.5154282, 35.9597107 34.5157639, 35.9601722 34.5164357, 35.9607301 34.5170103, 35.9614596 34.5176645, 35.9621249 34.5175587, 35.9624843 34.5175363, 35.9630153 34.5176559, 35.963498 34.5177837, 35.9639702 34.5178017, 35.9646408 34.5179077, 35.9663412 34.5176736, 35.9679129 34.5173331, 35.9682564 34.5171385, 35.9687767 34.517006, 35.9712819 34.516595, 35.9724834 34.5165506, 35.9734277 34.5166832, 35.9736636 34.5166479, 35.9738192 34.5165506, 35.9741518 34.5161663, 35.9743021 34.5160028, 35.9729074 34.5152248, 35.9721993 34.5141639, 35.9715448 34.5131119, 35.970826 34.5125903, 35.9700535 34.5120157, 35.9689699 34.5112642, 35.9674679 34.5099293, 35.9670173 34.5095226, 35.9664915 34.5093811, 35.96588 34.5092132, 35.9641634 34.5087181, 35.9641419 34.5072151, 35.9621142 34.5072064, 35.9620498 34.507781, 35.9619103 34.5084617, 35.961331 34.5087358, 35.9596574 34.5084574, 35.9585094 34.5083602, 35.9574258 34.5083867, 35.955516 34.5088995, 35.9543359 34.5090674, 35.9530162 34.5088906))",1.9235195253587938,Wikimapia
136,old section of Nahr el Bared Palestinian refugee camp,4265280,,34.5126501,35.9596279,,"POLYGON ((35.9574902 34.510608, 35.9569966 34.5108467, 35.9558379 34.5114434, 35.9551244 34.5118147, 35.9550278 34.5119628, 35.9549958 34.5125197, 35.9552372 34.5128468, 35.9560632 34.5133551, 35.9570986 34.5138281, 35.9582036 34.514058, 35.9584343 34.5141906, 35.9587026 34.5143232, 35.9595661 34.5151984, 35.9598987 34.5157067, 35.9600651 34.5154769, 35.9605801 34.5155742, 35.9612721 34.5160647, 35.9620231 34.5156536, 35.9619533 34.5152558, 35.9617603 34.5147652, 35.9615671 34.5147696, 35.9614921 34.5146635, 35.9614599 34.5145353, 35.9615564 34.5142392, 35.9616959 34.5139917, 35.9618247 34.5138458, 35.9619265 34.5137972, 35.9620231 34.5134966, 35.9623021 34.5135408, 35.9625005 34.513059, 35.9622591 34.513028, 35.9626722 34.5118081, 35.962522 34.5117108, 35.9638095 34.5112688, 35.96426 34.5109019, 35.9609609 34.5092355, 35.9602797 34.5094344, 35.9598774 34.5096597, 35.9590137 34.5099647, 35.9584612 34.5100974, 35.9581017 34.5103074, 35.9574902 34.510608))",0.4830668720580133,Wikimapia
137,   (ar),31042581,,34.1925878,36.4399819,,"POLYGON ((36.441221 34.1914774, 36.4401 34.1936018, 36.439719 34.1937315, 36.439322 34.1939977, 36.4387428 34.1938113, 36.4398103 34.191178, 36.441221 34.1914774))",0.05248914129142773,Wikimapia
138,  (ar),30974194,,34.1955507,36.4249777,,"POLYGON ((36.4249347 34.1961808, 36.4253854 34.1957459, 36.425836 34.1955152, 36.4255034 34.1950981, 36.4247202 34.1949207, 36.4241194 34.1954353, 36.4242052 34.1957282, 36.4249347 34.1961808))",0.018701101439913288,Wikimapia
139, ,31042556,,34.1952335,36.4306694,,"POLYGON ((36.4307284 34.1957659, 36.4300203 34.1956926, 36.4304333 34.1943106, 36.4306962 34.1943904, 36.430723 34.1947143, 36.4310181 34.1954109, 36.4311039 34.1955707, 36.4313185 34.195899, 36.4310824 34.1961564, 36.4307284 34.1957659))",0.015927013159767477,Wikimapia
140,  ,31042973,,34.1981409,36.4286805,,"POLYGON ((36.4289769 34.1987199, 36.4290331 34.1985944, 36.4293765 34.197778, 36.4288615 34.1976217, 36.4282634 34.1975619, 36.4279845 34.1982695, 36.4289769 34.1987199))",0.01519296438435198,Wikimapia
141, ,31028378,,34.1953067,36.4233254,,"POLYGON ((36.4234005 34.1946811, 36.4238082 34.1949561, 36.4239906 34.1952135, 36.4239692 34.1955063, 36.4238941 34.195675, 36.4234542 34.1957992, 36.4232289 34.1959323, 36.4226603 34.1956128, 36.4234005 34.1946811))",0.014388018568012561,Wikimapia
142, ,31042571,,34.1923061,36.4335634,,"POLYGON ((36.4339791 34.1916726, 36.4340327 34.1929506, 36.4336359 34.1930283, 36.4330941 34.1927354, 36.4333676 34.1925424, 36.4334212 34.1918857, 36.4334534 34.191584, 36.4339791 34.1916726))",0.013055273685993551,Wikimapia
143,  ) 2),32972390,,34.1912512,36.4213835,,"POLYGON ((36.4220379 34.1916106, 36.4221023 34.1911846, 36.4218877 34.1907942, 36.4212225 34.1909983, 36.4206647 34.191442, 36.4209221 34.1916017, 36.4216517 34.1917082, 36.4220379 34.1916106))",0.012598247238562949,Wikimapia
144,  ,31042949,,34.1953023,36.4202892,,"POLYGON ((36.4202677 34.19471, 36.4205251 34.1949117, 36.4208149 34.1950871, 36.4200853 34.1958946, 36.4197635 34.1957172, 36.420037 34.1952868, 36.4198493 34.1951714, 36.4202677 34.19471))",0.00894187361794626,Wikimapia
145, ,31042945,,34.1944581,36.4192888,,"POLYGON ((36.4198306 34.1943782, 36.419219 34.1949284, 36.418747 34.1945579, 36.4191493 34.1939878, 36.4198306 34.1943782))",0.007728842064318991,Wikimapia
146,  ,31042953,,34.1967044,36.4189266,,"POLYGON ((36.4194738 34.1967221, 36.4192699 34.1971126, 36.4183795 34.1967842, 36.4186155 34.1962962, 36.4194738 34.1967221))",0.006996905854435602,Wikimapia
147,  1,31033642,,34.1999117,36.4367633,,"POLYGON ((36.4369859 34.1995829, 36.4371951 34.1998069, 36.4364463 34.2002406, 36.4363315 34.2001596, 36.4363341 34.1999467, 36.4369859 34.1995829))",0.0038617911944535226,Wikimapia
148,  (ar),30988798,,34.1925047,36.4238887,,"POLYGON ((36.4242535 34.1923361, 36.4242051 34.1926666, 36.423524 34.1927132, 36.423583 34.1922962, 36.4242535 34.1923361))",0.0037813418524811956,Wikimapia
149,  1-2 (ar),31042533,,34.1901124,36.4384813,,"POLYGON ((36.4372944 34.190723, 36.4378416 34.1894574, 36.438657 34.1896992, 36.4392283 34.1898567, 36.4393463 34.1895461, 36.4396682 34.1896304, 36.4395475 34.1899077, 36.4394429 34.1900231, 36.4395958 34.1901518, 36.438885 34.1904846, 36.4386248 34.1901429, 36.4387401 34.19056, 36.4382814 34.1907674, 36.4377986 34.1907585, 36.4372944 34.190723))",0.02783240583114235,Wikimapia
150,  ,31028831,,34.1782734,36.4430182,,"POLYGON ((36.442986 34.1790811, 36.4437531 34.1788459, 36.4437531 34.1786639, 36.443281 34.1778518, 36.4435117 34.1777586, 36.443383 34.1774657, 36.4431147 34.177652, 36.4429645 34.1775544, 36.4422833 34.1786728, 36.442986 34.1790811))",0.02005919793168422,Wikimapia
151, acu,31042912,,34.1906865,36.4224645,,"POLYGON ((36.4232128 34.1905301, 36.4226388 34.1911291, 36.4225155 34.1912489, 36.4224725 34.191311, 36.4224994 34.1915839, 36.4221882 34.1916194, 36.4221774 34.1911224, 36.4217162 34.1905367, 36.422317 34.1897536, 36.4232128 34.1905301))",0.01978187179254936,Wikimapia
152,  ,31051524,,34.190195,36.4252995,,"POLYGON ((36.4247202 34.189525, 36.4250206 34.1893742, 36.4254713 34.1894962, 36.4258575 34.1899267, 36.4258788 34.1909271, 36.425514 34.1910159, 36.425235 34.1905899, 36.4248917 34.1900042, 36.4247202 34.189525))",0.01741192279343274,Wikimapia
153, ,31028481,,34.1799875,36.4331933,,"POLYGON ((36.4322975 34.1797145, 36.4324664 34.1799675, 36.4332067 34.1805156, 36.4335286 34.1804712, 36.4340892 34.1799764, 36.4334481 34.1795437, 36.4331048 34.1796879, 36.4327347 34.1794594, 36.4322975 34.1797145))",0.015883414332242905,Wikimapia
154, ,31042901,,34.190296,36.4210241,,"POLYGON ((36.420249 34.1899344, 36.4204206 34.1895839, 36.4210723 34.1903503, 36.4215042 34.1902384, 36.4217993 34.1907775, 36.4211985 34.1910082, 36.420249 34.1899344))",0.0115305306279902,Wikimapia
155, ,31042510,,34.1873008,36.4376592,,"POLYGON ((36.4372891 34.1874717, 36.4374875 34.1875404, 36.4376136 34.1875915, 36.4377853 34.1876514, 36.4380293 34.1871477, 36.4375358 34.1869503, 36.4372891 34.1874717))",0.004490053814920587,Wikimapia
156,St. Jacques Plaza,2200565,,33.8949139,35.5426423,,"POLYGON ((35.5415708 33.8944775, 35.5421529 33.8956576, 35.5437139 33.8952486, 35.5429494 33.8941703, 35.5415708 33.8944775))",0.028377226998485005,Wikimapia
157,Dbayeh Palestinian Refugee camp,726292,,33.951014,35.5986965,,"POLYGON ((35.597173 33.951134, 35.597044 33.95129, 35.596647 33.951628, 35.596615 33.951753, 35.597548 33.95258, 35.598997 33.951575, 35.599823 33.951308, 35.599984 33.951352, 35.600638 33.951032, 35.600778 33.950792, 35.600735 33.950587, 35.60052 33.950436, 35.600113 33.949924, 35.600193 33.949728, 35.600145 33.949523, 35.600016 33.949448, 35.599582 33.949537, 35.599083 33.949603, 35.598589 33.949648, 35.598069 33.949781, 35.597945 33.950013, 35.597661 33.950302, 35.597768 33.950565, 35.597634 33.9508, 35.597173 33.951134))",0.09944873886852668,Wikimapia
158,Al-Jalil refugee camp,1057573,,33.9987566,36.1931974,,"POLYGON ((36.1917973 33.9995705, 36.1922908 33.997836, 36.1927468 33.997707, 36.192956 33.9977738, 36.1943614 33.997836, 36.1945975 33.997965, 36.1945868 33.9997395, 36.1945277 33.9998062, 36.1919796 33.9996061, 36.1917973 33.9995705))",0.07264400511437302,Wikimapia
159,Sabra & Shatila Palestinian Refugee Camp,216280,,33.8634521,35.4999801,,"POLYGON ((35.4957317 33.8636093, 35.4956888 33.8645893, 35.4957102 33.8651951, 35.495839 33.8654801, 35.4960965 33.8656405, 35.4967402 33.8657118, 35.4971693 33.865979, 35.4973247 33.866187, 35.4973621 33.8663774, 35.497523 33.8669988, 35.4975069 33.8675667, 35.4989956 33.8675191, 35.5005164 33.8674353, 35.503102 33.8674267, 35.5026729 33.865315, 35.502984 33.8631858, 35.5037351 33.8631414, 35.504014 33.8628744, 35.5047221 33.8626872, 35.5039388 33.8612613, 35.5030912 33.8596756, 35.5029733 33.8595686, 35.5026513 33.8594354, 35.5024367 33.8593728, 35.5021148 33.8593375, 35.4995399 33.859551, 35.4977701 33.8596926, 35.4952382 33.8599031, 35.4954527 33.8612039, 35.4956244 33.8612218, 35.4957317 33.8636093))",0.8615513003674614,Wikimapia
160,Burej el Barajneh Palestinian Refugee Camp,436795,,33.8449648,35.5034697,,"POLYGON ((35.5011282 33.8440653, 35.5012569 33.8445978, 35.5010906 33.845569, 35.5009673 33.8456893, 35.4999966 33.8457266, 35.4999906 33.8461859, 35.499889 33.8466846, 35.5001996 33.8478659, 35.5002587 33.8484009, 35.5003236 33.8487567, 35.5009405 33.8486823, 35.5011095 33.8490856, 35.5013805 33.8498562, 35.5029846 33.8494696, 35.5052159 33.8489166, 35.50498 33.8480088, 35.5052586 33.8479018, 35.5063796 33.8475048, 35.5070505 33.8473445, 35.5069325 33.8469079, 35.5065892 33.845812, 35.5064497 33.8450723, 35.5063317 33.8440921, 35.50616 33.8426309, 35.5059669 33.8400734, 35.5050442 33.8402158, 35.5047867 33.8405277, 35.5034563 33.8414367, 35.5026088 33.8419, 35.5021262 33.8421452, 35.5016219 33.8425081, 35.5005166 33.8428445, 35.5007312 33.843495, 35.5011282 33.8440653))",0.6616077400294792,Wikimapia
161,Ein el-Helweh Palestinian Refugee Camp,976575,,33.5427791,35.3791093,,"POLYGON ((35.3750215 33.5369724, 35.3743239 33.5373754, 35.3740879 33.5374472, 35.3738629 33.5377244, 35.3737129 33.5380904, 35.3736909 33.5383774, 35.3732947 33.5385824, 35.3725969 33.5387083, 35.3734659 33.5404782, 35.3744419 33.5420074, 35.3758689 33.5442965, 35.3761589 33.5448864, 35.3761053 33.5457893, 35.3763306 33.5471756, 35.3771781 33.5472291, 35.3772425 33.5475311, 35.3772693 33.5476965, 35.3769475 33.548157, 35.3769904 33.5484118, 35.3777521 33.5507903, 35.37853 33.5508931, 35.3794687 33.5506427, 35.3794419 33.550294, 35.3800749 33.5499677, 35.3807299 33.5506905, 35.3808796 33.550826, 35.3811103 33.5507992, 35.381982 33.5501386, 35.3820892 33.549895, 35.3820732 33.5497832, 35.3820008 33.5496412, 35.3818344 33.5491898, 35.381923 33.5491417, 35.3821107 33.548907, 35.3830683 33.5475532, 35.3847098 33.5476205, 35.3849998 33.5470515, 35.3855359 33.5468005, 35.3856218 33.5466755, 35.3851068 33.5459784, 35.3851068 33.5458525, 35.3853859 33.5454774, 35.3854929 33.5435104, 35.3854289 33.5433134, 35.3840129 33.5412024, 35.3833898 33.5413994, 35.3828969 33.5415245, 35.3818879 33.5414894, 35.3812449 33.5413464, 35.3810939 33.5412205, 35.3811158 33.5406665, 35.3808798 33.5402904, 35.38199 33.5399169, 35.3818291 33.5394429, 35.3804987 33.539747, 35.3801393 33.5387341, 35.3799462 33.5379829, 35.3789913 33.5368025, 35.3788679 33.5367691, 35.3778058 33.5372162, 35.3773874 33.5371134, 35.3773498 33.5367467, 35.3777199 33.5366975, 35.3781008 33.5365187, 35.3780794 33.536076, 35.3769904 33.5352175, 35.3765343 33.5346652, 35.3759551 33.5347972, 35.3758049 33.5363443, 35.3756976 33.53676, 35.3755903 33.536836, 35.3750215 33.5369724))",1.6056935398500447,Wikimapia
162,Al Wafidin Refugee Camp,10303646,,33.5959412,36.4338049,,"POLYGON ((36.430015 33.5911445, 36.4299077 33.5905055, 36.429677 33.5905144, 36.4296931 33.5907066, 36.4294302 33.5907557, 36.429221 33.5908317, 36.4290118 33.5908585, 36.4288616 33.5908049, 36.4287007 33.5908272, 36.4289474 33.591207, 36.428985 33.5914126, 36.4291674 33.5914215, 36.4292264 33.5914618, 36.4292264 33.5915109, 36.4292961 33.5915422, 36.4292908 33.5917433, 36.4291245 33.5917567, 36.4290977 33.5921231, 36.4290708 33.5922259, 36.4290708 33.592351, 36.4289957 33.5923823, 36.4291191 33.5929051, 36.4292908 33.5935664, 36.4294678 33.5938837, 36.4297628 33.5943037, 36.4301383 33.5948667, 36.4303046 33.595117, 36.4304227 33.5952957, 36.430487 33.5953985, 36.430589 33.5955147, 36.4306909 33.595747, 36.4307714 33.5959972, 36.4310718 33.5967658, 36.4313293 33.597445, 36.4312756 33.5976639, 36.4312273 33.5979231, 36.4312112 33.5981152, 36.4311469 33.5984593, 36.4311093 33.5988659, 36.4302886 33.5987318, 36.4301383 33.5993216, 36.4308357 33.5994467, 36.432091 33.5996433, 36.4333463 33.5998757, 36.4344513 33.6000723, 36.435492 33.6003225, 36.4364576 33.6005861, 36.4373267 33.6008587, 36.4387321 33.601377, 36.4388824 33.6011446, 36.4389092 33.6010061, 36.4389038 33.6008587, 36.4388609 33.6007291, 36.4387321 33.6005906, 36.4382815 33.6003582, 36.4376807 33.6001572, 36.4374393 33.6000276, 36.437037 33.5994467, 36.4366615 33.5988614, 36.4364308 33.5985576, 36.4362431 33.5981778, 36.4358783 33.5976058, 36.4357066 33.5969267, 36.4355993 33.5964619, 36.4355564 33.5959436, 36.4354008 33.5953627, 36.4351594 33.5947952, 36.4350682 33.5947059, 36.4350682 33.594545, 36.4355242 33.5933073, 36.4360178 33.5920605, 36.4355993 33.5918997, 36.4351594 33.5916539, 36.4347196 33.5915645, 36.4341187 33.5914573, 36.4335608 33.5914752, 36.4330995 33.5913366, 36.4326596 33.5912473, 36.4326221 33.5911087, 36.4319462 33.5910596, 36.4314741 33.5910283, 36.4309376 33.5910998, 36.430015 33.5911445))",0.7595450358006832,Wikimapia
163,Yarmouk Camp,13265577,,33.4742113,36.3077115,,"POLYGON ((36.2986993 33.4808517, 36.2981843 33.4684657, 36.2985704 33.4678929, 36.3002009 33.4672488, 36.3058552 33.4674856, 36.3104634 33.4677093, 36.3115683 33.4677633, 36.3117615 33.4675841, 36.3129739 33.4677093, 36.3139182 33.4679154, 36.315007 33.4679824, 36.3168311 33.4682869, 36.3170886 33.4693072, 36.3172388 33.469522, 36.3162302 33.4701306, 36.3154362 33.4705421, 36.3148139 33.4709538, 36.3143848 33.4711686, 36.3137411 33.4715446, 36.3131347 33.4718621, 36.3081809 33.474876, 36.306051 33.4766254, 36.3014939 33.4806414, 36.3005872 33.4811739, 36.2986993 33.4808517))",2.2106316071983274,Wikimapia
164,Jaramana Camp,15494435,,33.4902762,36.3301054,,"POLYGON ((36.3304836 33.4928555, 36.3302153 33.4932133, 36.3304245 33.4933117, 36.3301134 33.4936652, 36.3293624 33.4941439, 36.3290834 33.4942333, 36.3288206 33.4942378, 36.3285953 33.4941841, 36.3283592 33.4940633, 36.3279408 33.4936338, 36.3275117 33.4931686, 36.3273346 33.4928017, 36.3272703 33.4924483, 36.327281 33.4920367, 36.3273078 33.4916162, 36.3271362 33.490802, 36.3268196 33.4898893, 36.3268036 33.489603, 36.3269162 33.4893256, 36.3271362 33.489084, 36.3275385 33.4886724, 36.3279945 33.4883906, 36.328606 33.4880506, 36.3302743 33.4873795, 36.333316 33.4863147, 36.3334072 33.4864981, 36.3333482 33.4869723, 36.3331068 33.4873526, 36.3326883 33.4877776, 36.3322377 33.4880998, 36.3320714 33.4884129, 36.3318408 33.488914, 36.3319373 33.4889632, 36.3316208 33.489603, 36.3315189 33.4895717, 36.3312829 33.4900325, 36.3312346 33.4901533, 36.3314438 33.490198, 36.3314277 33.490283, 36.3311863 33.4902383, 36.3308859 33.4908557, 36.3303816 33.4920591, 36.3302153 33.4927436, 36.3304836 33.4928555))",0.37860032857098536,Wikimapia
165,Sbeis Palestinian refugee camp,2559904,,33.5044027,36.2579135,,"POLYGON ((36.2570898 33.5044057, 36.2574053 33.50449, 36.2574348 33.5044475, 36.25749 33.5044549, 36.2574482 33.5046096, 36.2575072 33.5046633, 36.2574578 33.5047055, 36.2574214 33.5046969, 36.2575984 33.5049373, 36.2576574 33.5049664, 36.2577608 33.5050255, 36.2587372 33.5045851, 36.2584766 33.5041795, 36.2581447 33.5037799, 36.2575515 33.5041328, 36.2573717 33.5040906, 36.2570898 33.5044057))",0.015887201067810625,Wikimapia
166,Burj el Shemali,5955300,,33.2591799,35.2360726,,"POLYGON ((35.2207088 33.2548025, 35.2184772 33.255592, 35.2177477 33.2563816, 35.2141428 33.2574223, 35.2133703 33.2580682, 35.2142286 33.2596831, 35.2156448 33.2593601, 35.2166319 33.2596113, 35.2175331 33.2596113, 35.2180481 33.2615132, 35.2195072 33.2617285, 35.2176833 33.2648684, 35.2148294 33.2699816, 35.217061 33.2696587, 35.2190351 33.2692999, 35.221653 33.2684746, 35.2234554 33.2673981, 35.2267599 33.2664652, 35.2278757 33.2662858, 35.228734 33.2676134, 35.2290344 33.2687617, 35.2326822 33.2710222, 35.2408791 33.2693716, 35.258775 33.267685, 35.253453 33.262016, 35.2480888 33.2550537, 35.2417374 33.2541207, 35.2361584 33.2536182, 35.2286911 33.2489527, 35.2189922 33.2473376, 35.2208805 33.2535823, 35.2207088 33.2548025))",8.922897759723906,Wikimapia
167,al-Mansura,8267134,,33.0662169,35.333901,,"POLYGON ((35.3320138 33.0673229, 35.3317328 33.0668014, 35.3317328 33.066208, 35.3320332 33.0655606, 35.3328057 33.0650571, 35.3339859 33.0648593, 35.3353806 33.065165, 35.3358977 33.0655247, 35.3360693 33.066244, 35.3357883 33.0667834, 35.3350823 33.0673408, 35.3343078 33.0674308, 35.3335997 33.0675207, 35.3328486 33.0675746, 35.3320138 33.0673229))",0.13629649786699893,Wikimapia
